replay_date,ticker,regular_investing_score,investing_action_label,investing_style,investing_risk,thesis_quality,investing_data_quality,winner_score,risk_score,signal_price,return_20d,return_60d,return_120d,return_252d,max_favorable_excursion,max_adverse_excursion,hit_invalidation
2020-01-02,AAPL,60,Hold,Value + Improving Trend,Low,Medium,Medium,63,0,72.40052795410156,3.0498,-14.961,20.4899,78.2399,86.4339,-29.0446,True
2020-01-02,NVDA,60,Hold,Value + Improving Trend,Low,Medium,Medium,63,0,5.970752716064453,-1.4505,10.7703,54.1452,118.0242,145.8706,-24.6434,False
2020-01-02,MSFT,60,Hold,Value + Improving Trend,Low,Medium,Medium,57,0,152.15841674804688,5.9831,0.0297,23.8531,39.9428,46.1289,-17.2694,True
2020-01-02,MU,60,Hold,Value + Improving Trend,Low,Medium,Medium,57,0,54.02115249633789,-4.1524,-19.6245,-12.8182,35.7285,36.6312,-43.7985,True
2020-01-02,AVGO,60,Hold,Value + Improving Trend,Low,Medium,Medium,53,0,27.677494049072266,-5.3445,-24.2559,-2.1669,42.0174,42.2282,-51.7138,True
2020-01-02,META,57,Hold,Value + Improving Trend,Low,Medium,Medium,46,0,208.14657592773438,-3.7515,-20.8933,11.555,30.2126,45.2331,-34.6458,True
2020-01-02,AMD,51,Watchlist Only,Watchlist Only,Medium,Weak,Medium,63,28,49.099998474121094,-4.277,-2.5255,6.7006,86.7821,99.5519,-25.1527,False
2020-01-02,TSLA,51,Watchlist Only,Watchlist Only,Medium,Weak,Medium,56,28,28.68400001525879,51.2039,16.7039,123.3184,720.0506,735.2159,-18.5353,False
2020-01-02,AMZN,46,Watchlist Only,Turnaround Candidate,Low,Weak,Medium,46,0,94.90049743652344,5.833,3.4742,44.0667,71.5971,87.1566,-14.3297,True
2020-02-03,MSFT,60,Hold,Value + Improving Trend,Low,Medium,Medium,57,0,165.1935272216797,-5.4024,2.027,16.0752,38.8045,40.6184,-23.7975,True
2020-02-03,AMD,60,Hold,Value + Improving Trend,Low,Medium,Medium,48,0,48.02000045776367,-2.6447,11.7451,44.5231,85.0479,106.6431,-23.4694,False
2020-02-03,NVDA,60,Hold,Value + Improving Trend,Low,Medium,Medium,46,0,5.981208324432373,10.7015,24.2618,69.854,126.0079,145.4408,-24.7751,True
2020-02-03,MU,60,Hold,Value + Improving Trend,Low,Medium,Medium,43,6,52.4509391784668,-3.6817,-7.3447,-6.9914,51.7664,62.2351,-42.116,True
2020-02-03,AAPL,60,Hold,Value + Improving Trend,Low,Medium,Medium,55,16,74.4036865234375,-6.0433,-6.5597,20.6325,76.4476,89.6494,-30.9549,True
2020-02-03,AMZN,54,Watchlist Only,Turnaround Candidate,Low,Weak,Medium,55,8,100.20999908447266,-4.7505,18.3869,50.1302,68.6458,77.2403,-18.8689,True
2020-02-03,TSLA,51,Watchlist Only,Watchlist Only,Medium,Weak,Medium,65,28,52.0,-4.4218,2.6295,81.6667,459.4808,477.1795,-55.0628,False
2020-02-03,META,50,Watchlist Only,Watchlist Only,Low,Weak,Medium,26,6,202.60009765625,-8.9622,-4.8974,12.9879,30.7997,49.2091,-32.8566,True
2020-02-03,AVGO,50,Watchlist Only,Watchlist Only,Low,Weak,Medium,20,16,26.204296112060547,-10.1497,-8.0327,2.936,63.3728,63.4036,-48.9991,True
2020-03-02,NVDA,60,Hold,Value + Improving Trend,Low,Medium,Medium,61,0,6.883759498596191,-3.9214,23.3622,75.763,94.1952,122.6772,-34.6381,True
2020-03-02,MSFT,60,Hold,Value + Improving Trend,Low,Medium,Medium,56,0,164.1343231201172,-7.2689,5.5133,24.8324,36.7247,43.5615,-23.3057,True
2020-03-02,AMD,57,Hold,Value + Improving Trend,Low,Medium,Medium,43,0,47.459999084472656,0.8428,11.1252,74.3995,77.2651,109.0813,-22.5664,False
2020-03-02,AMZN,57,Hold,Value + Improving Trend,Low,Medium,Medium,43,0,97.69750213623047,0.5118,23.3599,68.7541,58.373,81.7984,-16.7824,True
2020-03-02,MU,57,Hold,Value + Improving Trend,Low,Medium,Medium,43,0,53.24092102050781,-18.4466,-9.4156,-21.2493,66.8621,75.3984,-42.9749,True
2020-03-02,AAPL,57,Hold,Value + Improving Trend,Low,Medium,Medium,42,0,72.20023345947266,-14.7251,6.7471,59.0429,68.7894,95.4372,-28.8478,True
2020-03-02,TSLA,51,Watchlist Only,Watchlist Only,Medium,Weak,Medium,47,28,49.574668884277344,-32.4749,10.3023,169.2007,361.5529,505.4167,-52.8644,False
2020-03-02,META,50,Watchlist Only,Watchlist Only,Low,Weak,Medium,26,6,194.9104461669922,-15.5213,16.6463,36.9426,31.8469,55.0957,-30.2077,True
2020-03-02,AVGO,43,Watchlist Only,Data Insufficient,Low,Weak,Medium,18,6,24.46494483947754,-14.3098,2.6348,18.5615,76.3198,81.6883,-45.3732,True
2020-04-01,AMZN,57,Hold,Value + Improving Trend,Low,Medium,Medium,39,0,95.38500213623047,29.685,41.1579,64.019,65.6969,86.2059,-0.9724,False
2020-04-01,AMD,57,Hold,Value + Improving Trend,Low,Medium,Medium,37,0,43.65999984741211,19.9954,14.7503,77.9661,85.7306,127.279,-4.4892,False
2020-04-01,MSFT,57,Hold,Value + Improving Trend,Low,Medium,Medium,37,0,144.49032592773438,17.816,29.4305,37.0721,60.9445,63.0792,-1.1505,False
2020-04-01,NVDA,57,Hold,Value + Improving Trend,Low,Medium,Medium,37,10,6.053016662597656,20.2452,50.7249,108.1261,127.606,153.2384,-1.9254,False
2020-04-01,TSLA,52,Watchlist Only,Watchlist Only,Low,Weak,Medium,33,0,32.104000091552734,62.364,99.2981,340.4747,587.0899,834.8783,-7.3013,False
2020-04-01,AAPL,50,Watchlist Only,Watchlist Only,Low,Weak,Medium,25,6,58.21010208129883,21.9542,47.1866,86.4843,105.8087,142.4083,-1.6645,False
2020-04-01,MU,35,Watchlist Only,Data Insufficient,Low,Weak,Medium,18,6,38.904205322265625,20.0552,21.5593,24.5926,131.6621,140.0351,-0.9275,False
2020-04-01,META,26,Exit / Sell Candidate,Exit / Broken Thesis,Low,Weak,Medium,17,6,158.35731506347656,28.2644,35.3884,59.6178,87.1303,90.896,-5.495,False
2020-04-01,AVGO,26,Exit / Sell Candidate,Exit / Broken Thesis,Low,Weak,Medium,15,18,19.525192260742188,21.4595,38.8799,64.8463,120.5416,127.6543,-0.9748,False
2020-05-01,AMZN,60,Hold,Value + Improving Trend,Low,Medium,Medium,58,0,114.302001953125,8.0926,31.2457,39.3213,48.1378,55.4653,-1.2974,False
2020-05-01,NVDA,60,Hold,Value + Improving Trend,Low,Medium,Medium,54,0,7.0418901443481445,24.5668,44.5669,91.4558,110.163,129.6754,-0.6719,False
2020-05-01,AMD,60,Hold,Value + Improving Trend,Low,Medium,Medium,48,0,49.880001068115234,7.518,35.5453,58.7811,57.4779,98.9375,-2.927,False
2020-05-01,MSFT,60,Hold,Value + Improving Trend,Low,Medium,Medium,48,0,165.8251953125,5.0233,16.0467,23.6861,45.7406,52.2968,-0.4411,False
2020-05-01,AAPL,60,Hold,Value + Improving Trend,Low,Medium,Medium,65,6,69.84680938720703,11.6412,29.3873,62.4488,84.8236,102.0223,-0.9513,False
2020-05-01,TSLA,51,Watchlist Only,Watchlist Only,Medium,Weak,Medium,54,16,46.75466537475586,28.0585,110.5302,201.3175,388.2935,541.9324,-0.4734,False
2020-05-01,META,39,Watchlist Only,Data Insufficient,Medium,Weak,Medium,44,28,200.69503784179688,14.6537,13.7687,37.801,59.4799,64.0431,-1.7353,False
2020-05-01,MU,35,Exit / Sell Candidate,Exit / Broken Thesis,Low,Weak,Medium,11,18,43.94644546508789,2.8406,11.1629,18.3089,88.6817,115.1798,-6.2362,False
2020-05-01,AVGO,30,Watchlist Only,Data Insufficient,Low,Weak,Medium,37,6,22.674474716186523,11.6634,19.5674,46.0569,79.6118,96.0351,-1.906,False
2020-06-01,AAPL,60,Hold,Value + Improving Trend,Low,Medium,Medium,55,0,77.97779846191406,12.4064,55.4141,47.2075,55.4978,80.9568,-0.9073,False
2020-06-01,MSFT,60,Hold,Value + Improving Trend,Low,Medium,Medium,55,0,174.15512084960938,8.538,18.6858,16.0336,36.6272,45.0124,-0.8095,False
2020-06-01,AMZN,60,Hold,Value + Improving Trend,Low,Medium,Medium,49,0,123.552001953125,8.4717,35.4284,25.6742,30.2549,43.8261,-1.3723,False
2020-06-01,AMD,60,Hold,Value + Improving Trend,Low,Medium,Medium,43,0,53.630001068115234,-6.2465,61.0106,53.9064,50.6806,85.027,-9.7147,False
2020-06-01,NVDA,51,Watchlist Only,Watchlist Only,Medium,Weak,Medium,58,28,8.771855354309082,4.5189,44.8497,52.6064,84.9507,86.3579,-1.6834,False
2020-06-01,TSLA,51,Watchlist Only,Watchlist Only,Medium,Weak,Medium,57,28,59.87333297729492,12.3873,125.2912,170.9275,247.3444,401.2805,-4.416,False
2020-06-01,META,48,Watchlist Only,Watchlist Only,Medium,Weak,Medium,51,44,230.10427856445312,-4.8596,21.0901,17.274,41.9214,43.9265,-10.6938,False
2020-06-01,MU,39,Watchlist Only,Data Insufficient,Low,Weak,Medium,22,6,45.19480895996094,6.0639,-2.6759,31.0747,81.5926,109.2361,-8.8261,False
2020-06-01,AVGO,37,Watchlist Only,Data Insufficient,Low,Weak,Medium,37,6,25.31909942626953,7.9249,17.1085,33.814,67.3438,75.5589,0.0345,False
2020-07-01,META,60,Hold,Value + Improving Trend,Low,Medium,Medium,62,0,235.70034790039062,-1.2839,7.2701,14.8348,49.1855,50.764,-4.4833,False
2020-07-01,NVDA,60,Hold,Value + Improving Trend,Low,Medium,Medium,57,0,9.497111320495605,11.3746,35.127,39.9809,112.3362,114.8995,0.5063,False
2020-07-01,AAPL,60,Hold,Value + Improving Trend,Low,Medium,Medium,55,0,88.21658325195312,5.6714,23.5697,41.3669,51.8167,59.9542,-2.0681,False
2020-07-01,MSFT,60,Hold,Value + Improving Trend,Low,Medium,Medium,53,6,194.98744201660156,-0.3908,1.7696,9.2878,33.9667,34.0851,-3.8963,False
2020-07-01,AVGO,57,Hold,Value + Improving Trend,Low,Medium,Medium,52,0,27.585840225219727,-0.2015,15.1322,39.5702,55.235,61.1331,-2.734,False
2020-07-01,AMZN,56,Hold,Value + Improving Trend,Medium,Medium,Medium,57,12,143.93499755859375,6.0159,7.5183,11.376,19.2542,23.4585,-0.2675,False
2020-07-01,AMD,53,Watchlist Only,Watchlist Only,Low,Weak,Medium,29,6,52.58000183105469,48.7257,48.4595,77.3108,77.4629,88.7219,-1.008,False
2020-07-01,TSLA,51,Watchlist Only,Watchlist Only,Medium,Weak,Medium,54,28,74.64199829101562,32.8555,81.9083,190.2119,202.7429,302.0971,5.8921,False
2020-07-01,MU,46,Watchlist Only,Watchlist Only,Low,Weak,Medium,39,6,48.47177505493164,2.0925,-1.1268,43.8028,61.1871,95.0906,-14.99,False
2020-08-03,META,60,Hold,Value + Improving Trend,Low,Medium,Medium,59,0,249.9981689453125,16.3677,12.4345,10.3389,39.4031,49.8452,-3.1076,False
2020-08-03,AMZN,60,Hold,Value + Improving Trend,Low,Medium,Medium,52,0,155.59449768066406,10.896,5.6056,5.8521,8.1735,21.2472,-7.741,False
2020-08-03,MSFT,60,Hold,Value + Improving Trend,Low,Medium,Medium,57,6,206.26565551757812,4.4034,-1.2813,6.5333,33.8783,35.2911,-9.151,False
2020-08-03,AVGO,57,Hold,Value + Improving Trend,Low,Medium,Medium,57,6,28.33562660217285,8.069,12.9653,47.254,56.6461,59.1594,-0.2615,False
2020-08-03,NVDA,56,Hold,Value + Improving Trend,Medium,Medium,Medium,58,12,10.972253799438477,21.4732,21.7117,24.0787,80.1791,89.8178,-1.9482,False
2020-08-03,AMD,51,Watchlist Only,Watchlist Only,Medium,Weak,Medium,56,28,77.66999816894531,16.9306,1.5579,21.1922,44.9208,47.8692,-6.6564,False
2020-08-03,TSLA,51,Watchlist Only,Watchlist Only,Medium,Weak,Medium,47,28,99.0,67.7845,42.9899,196.5657,138.9697,203.165,-8.0808,False
2020-08-03,AAPL,51,Watchlist Only,Watchlist Only,Medium,Weak,Medium,61,36,105.5735092163086,18.6668,7.2268,31.6578,36.1817,38.6214,-5.1879,False
2020-08-03,MU,49,Watchlist Only,Watchlist Only,Low,Weak,Medium,20,18,49.14472198486328,-9.6845,3.1157,61.3019,60.4684,92.4191,-16.154,True
2020-09-01,AMZN,60,Hold,Value + Improving Trend,Low,Medium,Medium,57,0,174.95599365234375,-10.0137,-8.9751,-9.705,-0.575,7.8294,-17.9508,False
2020-09-01,MSFT,60,Hold,Value + Improving Trend,Low,Medium,Medium,49,6,217.0098419189453,-7.4537,-5.6497,3.7118,34.0254,35.806,-13.649,False
2020-09-01,AVGO,56,Hold,Watchlist Only,Low,Medium,Medium,57,6,31.714935302734375,2.2533,9.6938,36.1181,41.7865,46.01,-3.5959,False
2020-09-01,META,56,Hold,Value + Improving Trend,Medium,Medium,Medium,56,12,293.1396179199219,-11.3526,-6.7188,-10.5368,29.3156,30.0873,-17.3673,False
2020-09-01,AMD,51,Watchlist Only,Watchlist Only,Medium,Weak,Medium,58,28,92.18000030517578,-11.0545,-5.934,-5.6845,19.3209,32.8813,-21.3495,False
2020-09-01,TSLA,51,Watchlist Only,Watchlist Only,Medium,Weak,Medium,57,28,158.35000610351562,-9.6916,20.8294,56.1983,54.529,89.5379,-30.5589,False
2020-09-01,NVDA,51,Watchlist Only,Watchlist Only,Medium,Weak,Medium,54,28,13.777423858642578,-2.1019,-4.2417,4.9366,62.5388,66.8696,-16.2874,False
2020-09-01,AAPL,51,Watchlist Only,Watchlist Only,Medium,Weak,Medium,52,28,130.27099609375,-13.6906,-13.3774,-6.2797,14.3918,16.2444,-23.1629,False
2020-09-01,MU,33,Exit / Sell Candidate,Exit / Broken Thesis,Low,Weak,Medium,11,6,44.62914276123047,2.6224,38.6145,102.1853,61.1014,111.8881,-2.8628,False
2020-10-01,AVGO,60,Hold,Value + Improving Trend,Low,Medium,Medium,55,0,32.810550689697266,-3.6869,18.166,27.3124,36.4299,42.0119,-6.56,False
2020-10-01,NVDA,60,Hold,Value + Improving Trend,Low,Medium,Medium,49,0,13.571576118469238,-4.3373,-5.2201,-7.8682,52.5117,69.4006,-15.0177,False
2020-10-01,AAPL,60,Hold,Value + Improving Trend,Low,Medium,Medium,43,0,113.38761138916016,-1.2587,17.241,3.5864,22.9279,35.518,-8.1086,False
2020-10-01,AMD,60,Hold,Value + Improving Trend,Low,Medium,Medium,43,0,84.86000061035156,-8.0603,7.9425,-10.1815,20.7283,44.3436,-14.5652,False
2020-10-01,META,60,Hold,Value + Improving Trend,Low,Medium,Medium,42,0,264.55389404296875,5.3257,3.8893,4.5419,28.6465,44.1436,-8.2586,False
2020-10-01,AMZN,60,Hold,Value + Improving Trend,Low,Medium,Medium,38,0,161.06300354003906,-0.3182,1.9464,-5.4327,1.9247,17.1306,-10.5629,False
2020-10-01,TSLA,56,Hold,Value + Improving Trend,Medium,Medium,Medium,36,12,149.3866729736328,-8.3296,48.0922,42.8932,72.9784,100.9104,-15.4074,False
2020-10-01,MSFT,53,Watchlist Only,Watchlist Only,Low,Weak,Medium,26,6,202.86843872070312,-3.643,6.1607,9.8959,37.3213,45.2727,-6.0435,False
2020-10-01,MU,43,Watchlist Only,Data Insufficient,Low,Weak,Medium,28,6,46.735755920410156,5.3422,47.4541,75.48,48.3499,102.3373,-2.9633,False
2020-11-02,META,57,Hold,Value + Improving Trend,Low,Medium,Medium,48,0,259.3249206542969,9.6381,-1.1593,16.1502,25.528,47.0501,-6.4088,False
2020-11-02,NVDA,57,Hold,Value + Improving Trend,Low,Medium,Medium,40,0,12.54108715057373,6.4324,3.2815,22.3425,110.072,112.276,-8.0348,False
2020-11-02,AVGO,57,Hold,Value + Improving Trend,Low,Medium,Medium,36,0,31.26616096496582,15.18,29.349,34.9466,57.7751,58.8767,-1.3068,False
2020-11-02,TSLA,57,Hold,Value + Improving Trend,Low,Medium,Medium,36,0,133.50332641601562,46.0039,98.1299,75.9607,192.6269,202.0524,-1.1186,False
2020-11-02,AMZN,53,Watchlist Only,Watchlist Only,Low,Weak,Medium,33,0,150.2239990234375,7.1759,6.714,13.7445,10.2603,25.5818,-4.1099,False
2020-11-02,AAPL,53,Watchlist Only,Watchlist Only,Low,Weak,Medium,31,0,105.60122680664062,13.0199,21.5295,23.9524,38.8112,45.5102,-0.0368,False
2020-11-02,AMD,53,Watchlist Only,Watchlist Only,Low,Weak,Medium,25,6,74.69999694824219,24.0027,14.6453,14.0696,70.8568,71.9679,-2.9451,True
2020-11-02,MSFT,50,Watchlist Only,Watchlist Only,Low,Weak,Medium,24,6,193.19577026367188,7.1398,14.9445,30.1145,66.1577,66.3173,0.3904,False
2020-11-02,MU,44,Watchlist Only,Data Insufficient,Low,Weak,Medium,35,6,48.48151779174805,34.9427,57.4532,79.9638,42.5446,95.0513,0.6035,False
2020-12-01,AVGO,60,Hold,Value + Improving Trend,Low,Medium,Medium,61,0,36.01237487792969,8.3954,22.0436,15.4506,41.4932,47.2191,-1.5992,False
2020-12-01,AMD,56,Hold,Turnaround Candidate,Low,Medium,Medium,63,0,92.62999725341797,-0.367,-6.7365,-15.9452,60.9738,77.5451,-21.7316,True
2020-12-01,AMZN,56,Hold,Watchlist Only,Low,Medium,Medium,32,0,161.00399780273438,2.0425,-2.2962,1.2102,6.9452,17.1735,-10.5302,False
2020-12-01,AAPL,56,Hold,Turnaround Candidate,Low,Medium,Medium,52,6,119.35038757324219,8.9635,4.287,3.7366,35.0927,39.6267,-5.1633,False
2020-12-01,META,56,Hold,Turnaround Candidate,Low,Medium,Medium,52,6,284.31878662109375,-5.123,-7.5519,14.3919,8.393,34.1232,-14.6362,False
2020-12-01,NVDA,56,Hold,Watchlist Only,Low,Medium,Medium,36,6,13.347784042358398,-1.7951,3.4043,16.9363,135.0392,159.0236,-13.5928,False
2020-12-01,MSFT,53,Watchlist Only,Watchlist Only,Low,Weak,Medium,35,6,206.98965454101562,2.53,9.8403,16.9614,53.9461,63.0826,-3.2838,False
2020-12-01,MU,51,Watchlist Only,Watchlist Only,Medium,Weak,Medium,61,28,65.42227935791016,7.2152,41.2641,21.0942,27.1154,44.5438,-1.9652,False
2020-12-01,TSLA,51,Watchlist Only,Watchlist Only,Medium,Weak,Medium,54,28,194.9199981689453,18.8146,22.859,3.4082,87.2563,112.6496,-7.7416,False
2021-01-04,AVGO,60,Hold,Value + Improving Trend,Low,Medium,Medium,67,0,38.17302703857422,12.149,9.8924,10.4039,60.6268,64.1235,-1.4016,False
2021-01-04,AMD,60,Hold,Value + Improving Trend,Low,Medium,Medium,56,0,92.30000305175781,-3.727,-14.9512,-7.2373,62.7736,78.1798,-21.4518,False
2021-01-04,AAPL,60,Hold,Value + Improving Trend,Low,Medium,Medium,57,16,125.8567123413086,4.3119,-5.469,3.1878,41.513,42.1895,-10.066,False
2021-01-04,MU,56,Hold,Value + Improving Trend,Medium,Medium,Medium,53,28,72.22003173828125,10.2228,19.1222,10.7765,29.6233,30.9385,-11.1928,False
2021-01-04,AMZN,53,Watchlist Only,Watchlist Only,Low,Weak,Medium,33,0,159.3314971923828,6.0682,-2.9043,6.7416,6.9497,18.4035,-9.591,True
2021-01-04,MSFT,53,Watchlist Only,Watchlist Only,Low,Weak,Medium,35,6,208.4065704345703,10.0234,8.5548,22.304,55.0627,61.9739,-2.6414,False
2021-01-04,NVDA,53,Watchlist Only,Watchlist Only,Low,Weak,Medium,29,6,13.076019287109375,3.3801,1.8253,45.2086,129.8952,164.407,-11.797,True
2021-01-04,TSLA,51,Watchlist Only,Watchlist Only,Medium,Weak,Medium,58,28,243.2566680908203,19.598,-8.4739,-7.934,64.4052,70.3948,-26.074,False
2021-01-04,META,50,Watchlist Only,Watchlist Only,Low,Weak,Medium,26,6,266.8459777832031,-0.6916,9.5151,26.9316,25.8794,42.9055,-9.0466,True
2021-02-01,AVGO,60,Hold,Value + Improving Trend,Low,Medium,Medium,57,0,41.90038299560547,2.9502,-0.8464,5.1417,29.2534,49.5235,-10.1727,False
2021-02-01,MU,60,Hold,Value + Improving Trend,Low,Medium,Medium,54,0,78.44234466552734,13.2538,6.9626,-5.5825,2.5399,22.7064,-18.2373,False
2021-02-01,AAPL,60,Hold,Value + Improving Trend,Low,Medium,Medium,44,6,130.45680236816406,-6.5849,-0.2686,11.1039,31.1,37.2207,-13.2372,False
2021-02-01,MSFT,57,Hold,Value + Improving Trend,Low,Medium,Medium,52,0,229.4300537109375,-2.1871,6.4662,21.4302,30.852,47.1316,-6.2063,False
2021-02-01,NVDA,53,Watchlist Only,Watchlist Only,Low,Weak,Medium,25,6,13.199167251586914,1.2786,15.4493,47.8374,85.143,161.9401,-12.6199,True
2021-02-01,AMZN,53,Watchlist Only,Watchlist Only,Low,Weak,Medium,34,10,167.1439971923828,-7.4292,3.4587,9.3859,-10.5122,12.8691,-19.0207,True
2021-02-01,TSLA,51,Watchlist Only,Watchlist Only,Medium,Weak,Medium,49,28,279.9366760253906,-18.2625,-17.3146,-23.3898,11.5395,48.068,-35.7605,False
2021-02-01,AMD,50,Watchlist Only,Watchlist Only,Low,Weak,Medium,22,6,87.66000366210938,-4.0269,-4.1524,5.1221,30.3331,87.6112,-17.2941,True
2021-02-01,META,50,Watchlist Only,Watchlist Only,Low,Weak,Medium,18,16,259.96990966796875,-1.1488,17.2093,41.1358,19.5603,46.6852,-3.248,False
2021-03-01,AVGO,60,Hold,Value + Improving Trend,Low,Medium,Medium,63,0,43.95078659057617,-2.7096,-5.4022,-1.7593,23.5516,42.5479,-14.3633,False
2021-03-01,MSFT,57,Hold,Value + Improving Trend,Low,Medium,Medium,46,0,227.35806274414062,-0.7175,6.4832,25.7807,27.1308,48.4725,-5.3516,False
2021-03-01,TSLA,57,Hold,Value + Improving Trend,Low,Medium,Medium,29,10,239.47666931152344,-14.9131,-15.8317,-6.2581,21.1572,73.0844,-24.9071,False
2021-03-01,MU,56,Hold,Value + Improving Trend,Medium,Medium,Medium,60,12,92.418212890625,-8.6218,-14.2782,-25.8337,-5.995,4.1502,-30.6018,True
2021-03-01,AAPL,54,Watchlist Only,Watchlist Only,Low,Weak,Medium,33,6,124.46688842773438,-5.0082,-0.5278,15.165,29.9799,43.8244,-9.0617,True
2021-03-01,NVDA,53,Watchlist Only,Watchlist Only,Low,Weak,Medium,41,6,13.8021879196167,-6.4228,13.0865,43.1132,76.3238,150.4959,-16.4376,True
2021-03-01,AMD,50,Watchlist Only,Watchlist Only,Low,Weak,Medium,20,6,86.38999938964844,-10.7073,-9.8738,20.037,42.7712,90.3693,-16.0782,True
2021-03-01,AMZN,46,Watchlist Only,Watchlist Only,Low,Weak,Medium,20,0,157.3070068359375,-2.238,3.5888,1.3226,-2.3801,19.9273,-13.9568,True
2021-03-01,META,46,Watchlist Only,Watchlist Only,Low,Weak,Medium,28,6,262.8472595214844,9.7807,23.7364,34.0531,-20.339,45.0795,-28.1945,True
2021-04-01,MU,60,Hold,Value + Improving Trend,Low,Medium,Medium,55,0,90.12629699707031,-6.8607,-9.7717,-19.9546,-15.5048,6.7987,-28.837,False
2021-04-01,AVGO,60,Hold,Value + Improving Trend,Low,Medium,Medium,51,0,43.061180114746094,-4.1496,0.1157,6.7771,36.0856,45.4928,-11.9361,False
2021-04-01,MSFT,57,Hold,Value + Improving Trend,Low,Medium,Medium,50,0,232.5492706298828,4.0561,11.137,23.7229,28.2531,45.1581,-1.766,False
2021-04-01,META,57,Hold,Value + Improving Trend,Low,Medium,Medium,52,6,296.33453369140625,8.8462,19.0785,14.9166,-25.5474,28.6848,-37.7821,True
2021-04-01,NVDA,53,Watchlist Only,Watchlist Only,Low,Weak,Medium,37,0,13.777027130126953,8.6719,44.7288,58.9219,97.6944,150.9534,-2.554,False
2021-04-01,TSLA,53,Watchlist Only,Watchlist Only,Low,Weak,Medium,24,0,220.5833282470703,7.2066,4.0756,13.629,62.841,87.9093,-17.3434,False
2021-04-01,AMZN,50,Watchlist Only,Watchlist Only,Low,Weak,Medium,22,0,158.0500030517578,9.6938,8.9494,6.9298,3.1303,19.3635,-15.4872,True
2021-04-01,AAPL,50,Watchlist Only,Watchlist Only,Low,Weak,Medium,20,6,119.80144500732422,6.8781,9.7634,18.9566,42.8031,49.4254,-0.4409,False
2021-04-01,AMD,46,Watchlist Only,Watchlist Only,Low,Weak,Medium,17,6,81.08999633789062,0.6536,7.3869,28.7212,34.8378,102.8117,-10.5932,True
2021-05-03,NVDA,57,Hold,Value + Improving Trend,Low,Medium,Medium,55,0,14.79944896697998,9.6231,31.4807,53.0066,31.7448,133.6162,-9.2861,False
2021-05-03,META,57,Hold,Value + Improving Trend,Low,Medium,Medium,52,0,320.0682678222656,2.0305,15.717,5.983,-34.5496,19.1425,-47.6099,True
2021-05-03,TSLA,56,Hold,Watchlist Only,Low,Medium,Medium,36,0,228.3000030517578,-8.9064,-5.5366,30.53,31.8353,81.5579,-20.1373,False
2021-05-03,MU,53,Watchlist Only,Watchlist Only,Low,Weak,Medium,29,0,82.91891479492188,-1.0233,-11.1386,-19.1532,-16.6422,16.0818,-22.6514,True
2021-05-03,MSFT,53,Watchlist Only,Watchlist Only,Low,Weak,Medium,37,6,241.67469787597656,-1.544,13.9049,23.9076,13.8677,39.6771,-5.4752,False
2021-05-03,AAPL,53,Watchlist Only,Watchlist Only,Low,Weak,Medium,36,6,129.09336853027344,-6.0728,9.5717,13.1419,19.8875,38.67,-7.607,False
2021-05-03,AVGO,53,Watchlist Only,Watchlist Only,Low,Weak,Medium,27,6,40.72602844238281,4.0365,6.9421,15.9578,31.7021,53.8351,-6.8867,False
2021-05-03,AMZN,53,Watchlist Only,Watchlist Only,Low,Weak,Medium,44,16,169.32449340820312,-4.9562,7.2001,1.4328,-26.4725,11.4157,-30.0899,True
2021-05-03,AMD,43,Watchlist Only,Data Insufficient,Low,Weak,Medium,20,16,78.55000305175781,2.8771,24.6722,51.916,14.373,109.3698,-7.7021,True
2021-06-01,NVDA,60,Hold,Value + Improving Trend,Low,Medium,Medium,61,0,16.223609924316406,23.1599,36.6048,94.8283,14.8824,113.1086,-4.2216,False
2021-06-01,META,60,Hold,Value + Improving Trend,Low,Medium,Medium,57,0,326.5672912597656,6.9152,11.9284,2.9046,-41.1661,16.7715,-48.6525,True
2021-06-01,AVGO,56,Hold,Watchlist Only,Low,Medium,Medium,41,6,42.36995315551758,2.6852,4.0324,24.6087,27.4224,47.8664,-1.9288,False
2021-06-01,MSFT,53,Watchlist Only,Watchlist Only,Low,Weak,Medium,29,0,237.94320678710938,9.7009,22.3073,38.4596,10.7882,41.8676,-1.7785,False
2021-06-01,MU,53,Watchlist Only,Watchlist Only,Low,Weak,Medium,22,6,82.07041931152344,-1.4498,-12.0143,-8.345,-11.9154,17.2819,-21.8517,True
2021-06-01,TSLA,50,Watchlist Only,Watchlist Only,Low,Weak,Medium,17,0,207.96665954589844,9.1136,13.9926,75.7301,21.5355,99.3092,-8.4437,False
2021-06-01,AAPL,50,Watchlist Only,Watchlist Only,Low,Weak,Medium,20,6,121.25379943847656,9.6958,19.5544,27.4036,20.446,47.6356,-0.9253,False
2021-06-01,AMZN,50,Watchlist Only,Watchlist Only,Low,Weak,Medium,20,10,160.9324951171875,7.13,2.502,14.8326,-25.3044,17.2256,-37.0792,True
2021-06-01,AMD,39,Watchlist Only,Data Insufficient,Low,Weak,Medium,26,6,80.80999755859375,10.7784,34.0181,91.8327,26.0488,103.5144,-2.2893,False
2021-07-01,META,60,Hold,Value + Improving Trend,Low,Medium,Medium,59,0,351.6306457519531,0.5389,-0.2286,-5.6971,-54.8435,8.4483,-56.4745,True
2021-07-01,MSFT,60,Hold,Value + Improving Trend,Low,Medium,Medium,57,0,261.2182312011719,4.9006,8.5173,20.956,-3.6452,29.2269,-10.3527,False
2021-07-01,AMZN,57,Hold,Value + Improving Trend,Low,Medium,Medium,52,0,171.64849853515625,-3.0696,-0.7914,-0.7174,-36.1719,9.9072,-41.0073,True
2021-07-01,AAPL,57,Hold,Value + Improving Trend,Low,Medium,Medium,49,0,133.92747497558594,6.2577,6.0595,26.3947,1.7875,33.6647,-5.4584,False
2021-07-01,AVGO,53,Watchlist Only,Watchlist Only,Low,Weak,Medium,33,6,42.82288360595703,3.3558,8.2851,39.4984,4.7057,46.3024,-2.9661,False
2021-07-01,NVDA,51,Watchlist Only,Watchlist Only,Medium,Weak,Medium,56,28,20.165802001953125,-3.5276,7.183,43.8932,-28.0977,71.4482,-28.7463,False
2021-07-01,MU,50,Watchlist Only,Watchlist Only,Low,Weak,Medium,22,6,78.1302490234375,-3.1581,-6.154,13.3526,-32.7727,23.1965,-35.5921,True
2021-07-01,AMD,50,Watchlist Only,Turnaround Candidate,Low,Weak,Medium,54,12,93.30999755859375,13.8035,15.9147,54.5922,-21.0481,76.2512,-22.0984,False
2021-07-01,TSLA,49,Watchlist Only,Watchlist Only,Low,Weak,Medium,40,0,225.97332763671875,1.3689,16.7335,38.4426,0.5709,83.4273,-8.4759,False
2021-08-02,MSFT,60,Hold,Value + Improving Trend,Low,Medium,Medium,57,0,273.932861328125,6.7942,9.0877,4.3253,-2.7231,23.2288,-14.5137,False
2021-08-02,META,60,Hold,Value + Improving Trend,Low,Medium,Medium,50,0,349.2095947265625,8.1574,-10.2685,-13.8599,-54.485,9.2002,-56.1728,True
2021-08-02,NVDA,60,Hold,Value + Improving Trend,Low,Medium,Medium,48,0,19.70485496520996,14.876,25.1715,18.3848,-6.1336,75.4588,-28.787,False
2021-08-02,AAPL,57,Hold,Value + Improving Trend,Low,Medium,Medium,54,0,141.9766082763672,5.3803,2.7651,11.937,10.5856,26.0868,-10.8183,False
2021-08-02,AVGO,57,Hold,Value + Improving Trend,Low,Medium,Medium,50,6,44.194271087646484,2.9318,10.9562,11.5321,12.7883,41.7625,-4.5432,False
2021-08-02,AMD,51,Watchlist Only,Turnaround Candidate,Medium,Weak,Medium,63,28,108.62999725341797,2.4763,13.164,9.3713,-8.598,51.3947,-34.0882,True
2021-08-02,AMZN,46,Watchlist Only,Watchlist Only,Low,Weak,Medium,24,0,166.57400512695312,2.7042,1.3384,-14.3666,-19.4592,12.9273,-39.2102,True
2021-08-02,TSLA,46,Watchlist Only,Watchlist Only,Low,Weak,Medium,41,8,236.55667114257812,2.9929,43.5075,33.0055,27.0675,75.2209,-12.5551,False
2021-08-02,MU,39,Watchlist Only,Data Insufficient,Low,Weak,Medium,18,6,75.72129821777344,-5.7703,-11.0814,5.7857,-19.0721,27.1158,-33.5431,True
2021-09-01,META,60,Hold,Value + Improving Trend,Low,Medium,Medium,66,0,379.0752258300781,-11.1661,-12.8072,-48.0565,-56.7177,0.4554,-59.6257,True
2021-09-01,AAPL,60,Hold,Value + Improving Trend,Low,Medium,Medium,63,0,149.0193328857422,-7.2192,2.9695,5.2441,4.1539,20.1279,-15.0331,False
2021-09-01,MSFT,60,Hold,Value + Improving Trend,Low,Medium,Medium,59,0,290.8483581542969,-6.5964,9.4269,-6.7808,-13.0037,16.0619,-19.4855,True
2021-09-01,AMD,60,Hold,Value + Improving Trend,Low,Medium,Medium,41,0,109.98999786376953,-6.446,40.7492,-0.2091,-25.1477,49.5227,-34.9032,True
2021-09-01,NVDA,60,Hold,Value + Improving Trend,Low,Medium,Medium,58,16,22.393661499023438,-7.6868,40.3814,-0.2284,-37.8636,54.3915,-40.8374,True
2021-09-01,TSLA,57,Hold,Value + Improving Trend,Low,Medium,Medium,51,0,244.69667053222656,5.6383,47.3825,4.0799,13.2668,69.392,-15.464,False
2021-09-01,AVGO,53,Watchlist Only,Watchlist Only,Low,Weak,Medium,34,22,44.967491149902344,-0.9482,11.6465,16.1842,2.669,39.3249,-3.43,False
2021-09-01,AMZN,46,Watchlist Only,Watchlist Only,Low,Weak,Medium,40,0,173.9499969482422,-5.5752,0.7347,-16.7422,-26.5191,8.1388,-41.7879,True
2021-09-01,MU,35,Exit / Sell Candidate,Exit / Broken Thesis,Low,Weak,Medium,9,6,71.8981704711914,-3.5822,13.3161,18.7266,-21.8089,33.8751,-30.0093,True
2021-10-01,TSLA,60,Hold,Value + Improving Trend,Low,Medium,Medium,58,0,258.40667724609375,43.7011,40.4079,30.7913,-6.1944,60.4048,-19.9492,True
2021-10-01,AVGO,57,Hold,Value + Improving Trend,Low,Medium,Medium,51,0,44.763397216796875,9.0941,38.1512,30.235,-3.4451,39.9601,-6.2226,False
2021-10-01,MSFT,57,Hold,Value + Improving Trend,Low,Medium,Medium,44,0,278.58154296875,14.7077,18.2547,5.5989,-16.0304,21.1725,-18.8242,True
2021-10-01,AMD,57,Hold,Value + Improving Trend,Low,Medium,Medium,33,0,102.44999694824219,17.3548,49.4876,17.6476,-35.471,60.5271,-38.6725,True
2021-10-01,NVDA,57,Hold,Value + Improving Trend,Low,Medium,Medium,29,6,20.6982421875,23.262,46.2044,35.7547,-39.6296,67.0379,-42.3605,True
2021-10-01,AAPL,57,Hold,Value + Improving Trend,Low,Medium,Medium,34,10,139.38497924804688,5.0123,25.8687,22.3597,0.4194,28.4311,-9.1601,True
2021-10-01,META,53,Watchlist Only,Watchlist Only,Low,Weak,Medium,25,6,340.3392333984375,-5.6675,0.9358,-35.9873,-59.5901,3.1544,-60.8991,True
2021-10-01,AMZN,43,Watchlist Only,Data Insufficient,Low,Weak,Medium,18,0,164.16299438476562,2.7159,3.9583,-0.3128,-29.4116,14.5858,-38.3174,True
2021-10-01,MU,35,Exit / Sell Candidate,Exit / Broken Thesis,Low,Weak,Medium,18,18,69.33242797851562,-2.6624,30.9198,10.2879,-26.8243,38.8293,-31.4509,True
2021-11-01,MSFT,60,Hold,Value + Improving Trend,Low,Medium,Medium,61,0,317.3863830566406,0.554,-8.7991,-14.4381,-30.1451,6.3575,-32.9128,True
2021-11-01,AVGO,60,Hold,Value + Improving Trend,Low,Medium,Medium,57,0,48.501708984375,4.8537,3.3575,12.8002,-8.7177,29.1726,-19.0243,True
2021-11-01,AAPL,56,Hold,Watchlist Only,Low,Medium,Medium,36,6,145.55055236816406,11.1313,7.0437,9.6439,1.7013,22.9908,-13.0081,True
2021-11-01,AMD,56,Hold,Value + Improving Trend,Medium,Medium,Medium,56,12,125.2300033569336,26.4633,-18.0708,-27.5813,-52.3597,31.3264,-56.4242,True
2021-11-01,TSLA,51,Watchlist Only,Watchlist Only,Medium,Weak,Medium,61,28,402.86334228515625,-5.2814,-31.3994,-17.4228,-43.4498,2.8877,-50.7054,True
2021-11-01,NVDA,51,Watchlist Only,Watchlist Only,Medium,Weak,Medium,56,28,25.772518157958984,26.5187,-15.0243,-22.9185,-47.5206,34.1503,-58.0994,True
2021-11-01,META,50,Watchlist Only,Watchlist Only,Low,Weak,Medium,20,6,327.41070556640625,-1.6728,-10.7098,-43.3329,-71.1498,7.2277,-71.9377,True
2021-11-01,AMZN,43,Watchlist Only,Data Insufficient,Low,Weak,Medium,22,0,165.90550231933594,5.6948,-15.8331,-11.9535,-41.6596,13.3823,-42.0996,True
2021-11-01,MU,33,Exit / Sell Candidate,Exit / Broken Thesis,Low,Weak,Medium,12,18,69.04917907714844,18.8119,11.4624,-0.5789,-21.8989,39.3988,-31.1697,True
2021-12-01,AAPL,60,Hold,Value + Improving Trend,Low,Medium,Medium,65,0,161.2336883544922,8.1507,0.3401,-14.5808,-9.4673,11.0275,-21.4698,True
2021-12-01,MSFT,60,Hold,Value + Improving Trend,Low,Medium,Medium,53,0,318.6524658203125,2.7993,-9.2924,-21.0001,-22.1169,4.308,-34.9174,True
2021-12-01,TSLA,60,Hold,Value + Improving Trend,Low,Medium,Medium,48,0,365.0,-2.2521,-20.5087,-42.6338,-46.6575,10.3196,-54.4685,True
2021-12-01,AVGO,60,Hold,Value + Improving Trend,Low,Medium,Medium,59,10,50.95504379272461,20.653,6.5682,-4.2612,2.2722,22.9533,-22.9231,True
2021-12-01,AMD,56,Hold,Value + Improving Trend,Medium,Medium,Medium,51,28,149.11000061035156,-2.6558,-17.2825,-38.8639,-48.0384,5.1103,-63.4029,True
2021-12-01,AMZN,53,Watchlist Only,Watchlist Only,Low,Weak,Medium,43,0,172.18600463867188,-2.0568,-10.8156,-39.5421,-44.5367,3.0859,-50.1295,True
2021-12-01,NVDA,51,Watchlist Only,Watchlist Only,Medium,Weak,Medium,47,28,31.372526168823242,-5.882,-22.4272,-48.6027,-45.4397,3.318,-65.5787,True
2021-12-01,MU,41,Watchlist Only,Data Insufficient,Low,Weak,Medium,45,12,83.16178894042969,10.2642,4.4683,-21.5712,-34.408,15.7428,-42.8502,True
2021-12-01,META,39,Watchlist Only,Data Insufficient,Low,Weak,Medium,20,6,308.1815490722656,10.8693,-32.0573,-41.6355,-61.2234,13.5576,-71.6388,True
2022-01-03,AAPL,60,Hold,Value + Improving Trend,Low,Medium,Medium,57,0,178.1036376953125,-4.0657,-2.2051,-21.9554,-30.1723,0.511,-31.3825,True
2022-01-03,AMD,60,Hold,Value + Improving Trend,Low,Medium,Medium,45,0,150.24000549316406,-22.271,-20.647,-42.6518,-56.9622,1.451,-63.6781,True
2022-01-03,NVDA,60,Hold,Value + Improving Trend,Low,Medium,Medium,45,0,30.061140060424805,-18.2032,-8.0551,-43.9745,-50.9884,1.152,-64.0771,True
2022-01-03,MSFT,60,Hold,Value + Improving Trend,Low,Medium,Medium,46,6,323.1607666015625,-7.764,-6.0466,-20.521,-30.9196,0.1344,-35.8254,True
2022-01-03,AVGO,56,Hold,Value + Improving Trend,Medium,Medium,Medium,52,12,61.31610107421875,-10.6434,-4.2156,-22.6089,-12.8237,1.3372,-35.9473,True
2022-01-03,TSLA,51,Watchlist Only,Turnaround Candidate,Medium,Weak,Medium,63,16,399.9266662597656,-22.3816,-8.8175,-38.7588,-71.5848,0.6851,-73.8352,True
2022-01-03,MU,47,Watchlist Only,Watchlist Only,Low,Weak,Medium,54,12,93.61398315429688,-14.9347,-17.3264,-38.5271,-42.9566,2.8198,-49.2311,True
2022-01-03,META,46,Watchlist Only,Watchlist Only,Low,Weak,Medium,34,0,335.9040222167969,-5.7719,-32.6963,-49.935,-62.3767,1.344,-73.9794,True
2022-01-03,AMZN,46,Watchlist Only,Watchlist Only,Low,Weak,Medium,26,0,170.4044952392578,-11.2738,-2.4081,-33.5581,-50.0365,0.5842,-52.0611,True
2022-02-01,AAPL,60,Hold,Value + Improving Trend,Low,Medium,Medium,57,0,170.86248779296875,-4.4887,-6.1632,-12.9396,-13.1233,2.9946,-28.4745,True
2022-02-01,AVGO,57,Hold,Value + Improving Trend,Low,Medium,Medium,33,0,54.78995895385742,-1.1709,-1.6644,-12.4693,5.4887,9.6089,-28.3179,True
2022-02-01,TSLA,53,Watchlist Only,Watchlist Only,Low,Weak,Medium,22,0,310.4166564941406,-5.5152,-5.7707,-16.6089,-39.3493,23.7981,-67.2021,True
2022-02-01,AMD,53,Watchlist Only,Watchlist Only,Low,Weak,Medium,26,6,116.77999877929688,1.2845,-23.2403,-26.9995,-24.3792,13.8551,-53.2711,True
2022-02-01,MSFT,53,Watchlist Only,Watchlist Only,Low,Weak,Medium,26,6,298.0705871582031,-2.5746,-6.0018,-18.0565,-13.4994,2.5402,-30.4235,True
2022-02-01,NVDA,53,Watchlist Only,Watchlist Only,Low,Weak,Medium,22,6,24.589038848876953,-1.6798,-19.6957,-32.8707,-11.8058,17.5052,-56.0827,True
2022-02-01,MU,45,Watchlist Only,Watchlist Only,Low,Weak,Medium,26,0,79.63299560546875,14.5488,-13.719,-26.5089,-21.8435,18.4776,-40.3177,True
2022-02-01,META,39,Exit / Sell Candidate,Exit / Broken Thesis,Low,Weak,Medium,29,12,316.5161437988281,-34.7618,-35.5078,-50.1097,-40.8244,2.8213,-72.3856,True
2022-02-01,AMZN,26,Exit / Sell Candidate,Exit / Broken Thesis,Low,Weak,Medium,13,0,151.19349670410156,0.5682,-4.3633,-24.0642,-25.3209,12.9887,-46.1419,True
2022-03-01,AVGO,57,Hold,Value + Improving Trend,Low,Medium,Medium,41,0,52.70085525512695,13.2757,-6.1207,-5.8551,8.3813,13.9538,-25.4764,True
2022-03-01,AAPL,57,Hold,Value + Improving Trend,Low,Medium,Medium,38,0,159.90084838867188,9.6569,-13.7706,2.9714,-10.0528,10.0551,-23.5712,True
2022-03-01,TSLA,53,Watchlist Only,Watchlist Only,Low,Weak,Medium,30,0,288.1233215332031,27.2106,-23.7826,0.6213,-33.7437,33.3769,-64.6644,True
2022-03-01,NVDA,53,Watchlist Only,Watchlist Only,Low,Weak,Medium,32,6,23.430341720581055,22.0807,-27.6829,-27.4162,-0.6014,23.3162,-53.9109,True
2022-03-01,AMD,53,Watchlist Only,Watchlist Only,Low,Weak,Medium,28,6,113.83000183105469,8.2579,-18.6067,-18.4398,-29.3332,10.4015,-52.0601,True
2022-03-01,MU,50,Watchlist Only,Watchlist Only,Low,Weak,Medium,39,0,84.33570861816406,-4.8806,-21.2118,-32.1772,-34.0757,9.054,-43.6457,True
2022-03-01,MSFT,42,Watchlist Only,Data Insufficient,Low,Weak,Medium,23,6,285.3275146484375,6.9367,-10.7878,-5.4118,-14.0283,7.1198,-27.3161,True
2022-03-01,AMZN,26,Exit / Sell Candidate,Exit / Broken Thesis,Low,Weak,Medium,19,0,151.14199829101562,12.0238,-29.3545,-11.8577,-39.0441,13.0272,-46.1235,True
2022-03-01,META,21,Exit / Sell Candidate,Exit / Broken Thesis,Low,Weak,Medium,13,6,201.90553283691406,12.9589,-9.6614,-19.8732,-14.2316,16.3989,-56.7104,True
2022-04-01,AVGO,60,Hold,Value + Improving Trend,Low,Medium,Medium,58,0,58.34880828857422,-8.0752,-21.1337,-23.9963,4.4844,6.805,-32.69,True
2022-04-01,AAPL,60,Hold,Value + Improving Trend,Low,Medium,Medium,46,16,170.78622436523438,-9.3798,-20.0077,-13.4529,-4.404,2.398,-28.4426,True
2022-04-01,NVDA,56,Hold,Watchlist Only,Low,Medium,Medium,39,22,26.663454055786133,-26.8756,-41.8041,-53.1208,2.8701,4.9198,-59.4995,True
2022-04-01,MSFT,53,Watchlist Only,Watchlist Only,Low,Weak,Medium,34,0,299.32537841796875,-8.0635,-15.6919,-22.7651,-6.2771,1.8389,-30.7151,True
2022-04-01,TSLA,51,Watchlist Only,Watchlist Only,Medium,Weak,Medium,49,28,361.5299987792969,-16.7483,-36.7992,-23.8431,-46.7319,6.2955,-71.8391,True
2022-04-01,AMD,42,Exit / Sell Candidate,Exit / Broken Thesis,Low,Weak,Medium,18,6,108.19000244140625,-16.9609,-27.9139,-37.1846,-11.3874,2.5418,-49.561,True
2022-04-01,AMZN,41,Watchlist Only,Data Insufficient,Low,Weak,Medium,32,16,163.55999755859375,-23.8811,-33.4067,-30.4353,-36.4453,2.9558,-50.214,True
2022-04-01,MU,37,Watchlist Only,Data Insufficient,Low,Weak,Medium,22,6,74.48056030273438,-7.1981,-26.3631,-34.0159,-24.2415,2.6254,-36.189,True
2022-04-01,META,26,Exit / Sell Candidate,Exit / Broken Thesis,High,Weak,Medium,17,18,223.0992431640625,-6.1019,-27.0892,-37.5539,-4.5052,5.3413,-60.8228,True
2022-05-02,AVGO,57,Hold,Value + Improving Trend,Low,Medium,Medium,44,0,53.637020111083984,0.6558,-6.6481,-20.6627,9.8629,16.1874,-26.7771,True
2022-05-02,AAPL,50,Watchlist Only,Watchlist Only,Low,Weak,Medium,42,0,154.7667999267578,-5.6352,-0.2398,-6.5009,6.65,11.8345,-21.0359,True
2022-05-02,TSLA,43,Watchlist Only,Data Insufficient,Low,Weak,Medium,27,0,300.9800109863281,-16.0232,-6.6715,-28.7527,-46.6377,5.821,-66.1738,True
2022-05-02,MSFT,39,Exit / Sell Candidate,Exit / Broken Thesis,Low,Weak,Medium,22,12,275.1894226074219,-4.2067,-2.6071,-14.5081,8.0557,9.7525,-24.6384,True
2022-05-02,NVDA,35,Exit / Sell Candidate,Exit / Broken Thesis,Low,Weak,Medium,11,16,19.49750328063965,-4.4079,-7.9107,-36.1473,42.4665,48.9027,-44.6142,True
2022-05-02,MU,33,Exit / Sell Candidate,Exit / Broken Thesis,Low,Weak,Medium,22,6,69.11935424804688,4.5892,-11.91,-20.2858,-13.0013,6.813,-31.2396,True
2022-05-02,AMD,30,Exit / Sell Candidate,Exit / Broken Thesis,Low,Weak,Medium,17,6,89.83999633789062,13.3793,2.037,-34.528,-9.1496,21.9613,-39.2587,True
2022-05-02,AMZN,26,Exit / Sell Candidate,Exit / Broken Thesis,High,Weak,Medium,13,12,124.5,-3.4462,-1.7831,-4.1606,-16.747,17.7269,-34.5944,True
2022-05-02,META,25,Watchlist Only,Data Insufficient,Low,Weak,Medium,32,6,209.48605346679688,-8.284,-23.8763,-38.4218,12.2673,16.0044,-58.2769,True
2022-06-01,AVGO,57,Hold,Value + Improving Trend,Low,Medium,Medium,40,0,53.38295364379883,-14.6059,-8.445,-8.2834,46.173,65.9351,-26.4286,True
2022-06-01,AAPL,42,Watchlist Only,Data Insufficient,Low,Weak,Medium,12,28,145.9178466796875,-8.0627,10.179,-0.1671,22.4063,22.9678,-16.2472,True
2022-06-01,AMD,37,Watchlist Only,Data Insufficient,Low,Weak,Medium,28,6,101.22000122070312,-24.4517,-9.919,-28.4134,16.4394,29.2136,-46.0877,True
2022-06-01,TSLA,35,Exit / Sell Candidate,Exit / Broken Thesis,Low,Weak,Medium,13,0,246.7899932861328,-9.0428,16.7349,-31.9786,-13.2988,27.5038,-58.7463,True
2022-06-01,MU,33,Watchlist Only,Data Insufficient,Low,Weak,Medium,30,6,72.00748443603516,-24.8402,-21.4917,-21.9677,-5.166,2.5289,-33.9975,True
2022-06-01,MSFT,33,Exit / Sell Candidate,Exit / Broken Thesis,Low,Weak,Medium,9,12,264.146240234375,-5.7228,-1.3806,-10.7087,24.3088,25.0871,-21.4877,True
2022-06-01,NVDA,28,Exit / Sell Candidate,Exit / Broken Thesis,Low,Weak,Medium,9,18,18.286705017089844,-17.2369,-11.2258,-16.3494,114.8677,129.1332,-40.947,True
2022-06-01,AMZN,26,Exit / Sell Candidate,Exit / Broken Thesis,Low,Weak,Medium,21,12,121.68399810791016,-12.7165,7.4504,-24.0163,2.1087,20.4513,-33.0808,True
2022-06-01,META,21,Exit / Sell Candidate,Exit / Broken Thesis,High,Weak,Medium,19,10,187.1711883544922,-14.5197,-14.2388,-41.7621,44.5133,45.9658,-53.3026,True
2022-07-01,AAPL,36,Exit / Sell Candidate,Exit / Broken Thesis,Low,Weak,Medium,20,18,136.3214874267578,16.2528,9.3866,-2.2075,38.5392,40.82,-10.3515,True
2022-07-01,AVGO,35,Exit / Sell Candidate,Exit / Broken Thesis,High,Weak,Medium,10,26,44.83802032470703,12.2489,-1.9239,19.4245,85.6998,97.5579,-12.4078,True
2022-07-01,MSFT,33,Exit / Sell Candidate,Exit / Broken Thesis,Low,Weak,Medium,32,12,251.69622802734375,7.0999,-8.7326,-5.3705,31.5273,36.7083,-17.6042,True
2022-07-01,TSLA,28,Exit / Sell Candidate,Exit / Broken Thesis,Low,Weak,Medium,15,0,227.26333618164062,30.8071,24.4987,-39.4667,24.2963,38.4591,-55.2017,True
2022-07-01,META,21,Exit / Sell Candidate,Exit / Broken Thesis,High,Weak,Medium,12,26,158.78395080566406,-0.0625,-16.0157,-25.164,83.9467,86.29,-44.9541,True
2022-07-01,AMD,21,Exit / Sell Candidate,Exit / Broken Thesis,High,Weak,Medium,10,26,73.66999816894531,31.3696,-8.8231,-8.1309,54.6763,80.3041,-25.9264,True
2022-07-01,NVDA,21,Exit / Sell Candidate,Exit / Broken Thesis,High,Weak,Medium,10,26,14.49967098236084,26.9779,-14.5033,13.6826,191.62,203.1493,-25.5236,True
2022-07-01,MU,21,Exit / Sell Candidate,Exit / Broken Thesis,High,Weak,Medium,8,48,52.524837493896484,16.7986,-5.5377,-4.1968,16.6463,40.5356,-9.5156,True
2022-08-01,AAPL,53,Watchlist Only,Watchlist Only,Low,Weak,Medium,51,0,158.4774932861328,0.0583,-5.5466,-12.3643,19.9492,23.4683,-22.8848,True
2022-08-01,AVGO,42,Watchlist Only,Data Insufficient,Low,Weak,Medium,27,6,50.330169677734375,-4.1371,-13.506,10.2598,71.2788,77.2063,-21.9661,True
2022-08-01,TSLA,39,Watchlist Only,Data Insufficient,Medium,Weak,Medium,47,28,297.27667236328125,-4.1903,-25.1808,-51.6444,-14.5207,5.8498,-65.7524,True
2022-08-01,MSFT,30,Watchlist Only,Data Insufficient,Low,Weak,Medium,29,6,269.5665283203125,-4.3945,-9.6464,-12.3125,18.9402,33.2058,-23.0664,True
2022-08-01,MU,30,Watchlist Only,Data Insufficient,Low,Weak,Medium,19,18,61.34828567504883,-8.8423,-10.4767,-0.7173,9.9085,20.323,-22.5296,True
2022-08-01,AMD,28,Watchlist Only,Data Insufficient,Medium,Weak,Medium,47,16,96.77999877929688,-8.5658,-36.4848,-20.9237,12.9882,37.2494,-43.6144,True
2022-08-01,AMZN,28,Watchlist Only,Data Insufficient,Medium,Weak,Medium,38,28,135.38999938964844,-4.1362,-10.924,-27.971,-5.3032,8.2576,-39.8552,True
2022-08-01,NVDA,25,Watchlist Only,Data Insufficient,Low,Weak,Medium,30,6,18.411380767822266,-14.3159,-28.0682,4.1354,140.2559,160.9823,-41.3469,True
2022-08-01,META,21,Exit / Sell Candidate,Exit / Broken Thesis,High,Weak,Medium,19,6,158.68470764160156,-0.4752,-14.0186,-10.4171,96.5298,103.9643,-44.9197,True
2022-09-01,AAPL,46,Watchlist Only,Watchlist Only,Low,Weak,Medium,42,0,155.20945739746094,-12.5095,-8.547,-6.8259,20.8061,26.068,-21.2611,True
2022-09-01,TSLA,44,Watchlist Only,Data Insufficient,Low,Weak,Medium,35,0,277.1600036621094,-4.2972,-34.002,-28.9652,-7.4578,13.2198,-63.2667,True
2022-09-01,AVGO,39,Watchlist Only,Data Insufficient,Low,Weak,Medium,22,6,46.16765594482422,-8.9992,7.0281,19.3991,82.5091,93.2859,-14.9305,True
2022-09-01,MSFT,30,Watchlist Only,Data Insufficient,Low,Weak,Medium,18,0,253.0272216796875,-10.5607,-6.8966,-3.7833,29.3289,41.9128,-18.0376,True
2022-09-01,MU,26,Exit / Sell Candidate,Exit / Broken Thesis,Low,Weak,Medium,17,6,56.21794128417969,-12.5807,-2.5168,1.9638,23.6684,31.3035,-15.4598,True
2022-09-01,META,21,Exit / Sell Candidate,Exit / Broken Thesis,High,Weak,Medium,27,6,164.07244873046875,-17.9487,-34.2163,3.0418,81.513,97.2666,-46.7284,True
2022-09-01,AMD,21,Exit / Sell Candidate,Exit / Broken Thesis,High,Weak,Medium,17,6,82.33000183105469,-23.0414,-11.1017,-5.15,34.5561,61.3385,-33.718,True
2022-09-01,NVDA,21,Exit / Sell Candidate,Exit / Broken Thesis,High,Weak,Medium,15,18,13.91461181640625,-12.875,13.5948,67.1729,248.6269,260.964,-22.3921,True
2022-10-03,AAPL,44,Watchlist Only,Data Insufficient,Low,Weak,Medium,28,0,139.9695281982422,7.6448,-11.3731,11.4669,22.6326,39.7943,-12.688,True
2022-10-03,AMZN,30,Exit / Sell Candidate,Exit / Broken Thesis,High,Weak,Medium,20,0,115.87999725341797,-11.5982,-29.3925,-15.3952,9.5961,25.8716,-29.729,True
2022-10-03,AVGO,30,Exit / Sell Candidate,Exit / Broken Thesis,Low,Weak,Medium,27,12,43.22126388549805,2.9204,20.2847,39.3711,85.144,106.4622,-9.1313,True
2022-10-03,TSLA,30,Exit / Sell Candidate,Exit / Broken Thesis,Low,Weak,Medium,20,12,242.39999389648438,-6.1304,-53.5025,-20.8705,7.7393,23.4695,-57.9992,True
2022-10-03,MSFT,26,Exit / Sell Candidate,Exit / Broken Thesis,Low,Weak,Medium,19,6,233.9239044189453,-3.5765,-2.305,15.4163,33.7715,53.5021,-11.3442,True
2022-10-03,AMD,21,Exit / Sell Candidate,Exit / Broken Thesis,High,Weak,Medium,13,6,66.11000061035156,-9.1514,-5.3547,46.1352,57.4195,100.9227,-17.4558,True
2022-10-03,NVDA,21,Exit / Sell Candidate,Exit / Broken Thesis,High,Weak,Medium,13,6,12.495614051818848,7.8724,12.209,112.1347,252.2054,301.9549,-13.579,True
2022-10-03,MU,21,Exit / Sell Candidate,Exit / Broken Thesis,High,Weak,Medium,15,18,50.73445510864258,4.8224,-4.8267,16.1108,32.7847,45.495,-6.1636,False
2022-10-03,META,21,Exit / Sell Candidate,Exit / Broken Thesis,High,Weak,Medium,8,36,137.5307159423828,-32.7898,-16.5861,46.3387,120.4603,135.3366,-36.4476,True
2022-11-01,AAPL,40,Exit / Sell Candidate,Exit / Broken Thesis,Low,Weak,Medium,31,12,148.0267333984375,-1.5761,-4.9205,9.0489,18.5685,32.1852,-17.4404,True
2022-11-01,MU,30,Watchlist Only,Data Insufficient,Low,Weak,Medium,19,18,53.92817306518555,5.0857,12.7423,11.707,29.41,36.8786,-11.7207,False
2022-11-01,MSFT,26,Exit / Sell Candidate,Exit / Broken Thesis,High,Weak,Medium,15,6,221.70980834960938,12.1353,6.6722,30.1417,54.1329,61.9586,-6.4601,False
2022-11-01,AVGO,26,Exit / Sell Candidate,Exit / Broken Thesis,Low,Weak,Medium,9,18,44.27345657348633,17.7666,25.3049,33.7473,91.1632,103.1447,-5.6722,False
2022-11-01,AMD,21,Exit / Sell Candidate,Exit / Broken Thesis,High,Weak,Medium,13,6,59.65999984741211,30.1207,21.4381,44.0496,80.7409,122.645,-2.7322,False
2022-11-01,TSLA,21,Exit / Sell Candidate,Exit / Broken Thesis,High,Weak,Medium,9,12,227.82000732421875,-14.5378,-26.8458,-32.5125,-4.0866,31.3713,-55.3112,True
2022-11-01,AMZN,21,Exit / Sell Candidate,Exit / Broken Thesis,High,Weak,Medium,10,32,96.79000091552734,-0.2583,3.8847,8.4616,42.649,50.6974,-15.8694,True
2022-11-01,META,21,Exit / Sell Candidate,Exit / Broken Thesis,High,Weak,Medium,8,38,94.45872497558594,24.0546,54.4748,119.958,226.5441,247.206,-7.4685,True
2022-12-01,AVGO,40,Watchlist Only,Data Insufficient,Low,Weak,Medium,50,12,52.112857818603516,2.3686,8.6741,34.3931,72.2238,86.3712,-6.3005,False
2022-12-01,AAPL,33,Watchlist Only,Data Insufficient,Low,Weak,Medium,31,6,145.96922302246094,-12.393,-1.8732,16.9805,28.4396,34.0485,-16.2767,True
2022-12-01,MSFT,30,Watchlist Only,Data Insufficient,Low,Weak,Medium,32,6,248.17636108398438,-5.8385,-3.0638,28.5683,46.2221,52.2272,-13.8757,False
2022-12-01,TSLA,21,Exit / Sell Candidate,Exit / Broken Thesis,High,Weak,Medium,13,12,194.6999969482422,-36.7334,4.1448,-5.2542,20.9964,53.7185,-47.7093,True
2022-12-01,AMZN,21,Exit / Sell Candidate,Exit / Broken Thesis,High,Weak,Medium,11,12,95.5,-12.0419,-3.4869,20.4188,51.6649,56.2932,-14.733,True
2023-01-03,AVGO,41,Watchlist Only,Data Insufficient,Low,Weak,Medium,49,0,52.808143615722656,8.9019,15.3269,55.2104,93.8435,112.5901,-0.6306,False
2023-01-03,AAPL,26,Exit / Sell Candidate,Exit / Broken Thesis,High,Weak,Medium,12,26,123.09602355957031,16.2789,30.0135,50.8017,46.2595,60.4988,-0.2479,False
2023-01-03,AMZN,21,Exit / Sell Candidate,Exit / Broken Thesis,High,Weak,Medium,13,0,85.81999969482422,22.5239,18.8534,50.5243,68.4572,81.3447,-5.1154,False
2023-01-03,MU,21,Exit / Sell Candidate,Exit / Broken Thesis,High,Weak,Medium,13,6,49.627105712890625,24.2803,25.2531,32.8668,65.3424,75.4228,4.6853,False
2023-01-03,AMD,21,Exit / Sell Candidate,Exit / Broken Thesis,High,Weak,Medium,7,28,64.0199966430664,32.2087,52.8897,72.4305,112.4492,135.9419,-6.2012,False
2023-01-03,TSLA,21,Exit / Sell Candidate,Exit / Broken Thesis,High,Weak,Medium,10,42,108.0999984741211,67.8168,80.6475,131.4616,120.1018,176.864,-5.8187,True
2023-02-01,AVGO,51,Watchlist Only,Watchlist Only,Low,Weak,Medium,53,0,57.50905227661133,-0.6802,4.6884,50.0307,107.7487,117.9653,-5.085,False
2023-02-01,MU,41,Watchlist Only,Data Insufficient,Low,Weak,Medium,57,0,61.676734924316406,-9.8562,3.0193,8.0562,39.104,44.8303,-15.7188,False
2023-02-01,NVDA,35,Watchlist Only,Data Insufficient,Medium,Weak,Medium,58,28,20.92092514038086,11.3212,32.5202,117.0865,216.0452,218.1471,-2.4925,False
2023-02-01,MSFT,34,Watchlist Only,Data Insufficient,Low,Weak,Medium,34,0,246.28598022460938,-0.4,21.8713,34.2656,64.1409,65.7775,-2.5815,False
2023-02-01,AAPL,30,Watchlist Only,Data Insufficient,Low,Weak,Medium,31,6,143.1346893310547,0.4832,16.8528,34.1308,28.5077,38.0291,-0.901,False
2023-02-01,AMD,25,Watchlist Only,Data Insufficient,Medium,Weak,Medium,45,28,84.63999938964844,-4.9622,5.5884,30.0685,109.9008,118.4783,-10.3025,False
2023-03-01,AVGO,60,Hold,Value + Improving Trend,Low,Medium,Medium,60,0,56.633174896240234,6.1378,23.6662,45.9881,141.0861,142.5662,-1.2534,False
2023-03-01,NVDA,44,Watchlist Only,Data Insufficient,Medium,Weak,Medium,53,44,22.674072265625,18.9029,67.3559,101.2533,262.6554,263.1622,-1.75,False
2023-03-01,MU,41,Watchlist Only,Data Insufficient,Low,Weak,Medium,25,18,56.49431228637695,10.8127,21.644,11.018,67.0896,68.6876,-7.9874,False
2023-03-01,META,37,Watchlist Only,Data Insufficient,Low,Weak,Medium,44,12,172.06968688964844,18.412,45.7098,65.8401,189.9509,191.0766,-1.1475,False
2023-03-01,MSFT,34,Watchlist Only,Data Insufficient,Low,Weak,Medium,35,6,240.57276916503906,13.9034,32.6319,31.5017,70.102,71.9619,-0.268,False
2023-03-01,AAPL,30,Watchlist Only,Data Insufficient,Low,Weak,Medium,35,6,143.2349395751953,10.6393,19.2136,22.3005,24.2991,37.9325,-0.9703,False
2023-04-03,AVGO,60,Hold,Value + Improving Trend,Low,Medium,Medium,49,6,61.7399787902832,-4.6897,34.9737,31.1966,109.1232,127.3088,-6.4096,False
2023-04-03,AAPL,53,Watchlist Only,Watchlist Only,Low,Weak,Medium,54,0,163.7970428466797,1.4262,14.2518,6.2536,2.137,20.6173,-3.8454,False
2023-04-03,MSFT,53,Watchlist Only,Watchlist Only,Low,Weak,Medium,54,6,280.5852355957031,6.3294,16.9036,11.0288,46.6802,51.2223,-4.1291,False
2023-04-03,NVDA,51,Watchlist Only,Watchlist Only,Medium,Weak,Medium,52,28,27.940265655517578,0.8761,45.9904,51.0096,207.2861,248.4042,-6.24,False
2023-04-03,META,49,Watchlist Only,Watchlist Only,Low,Weak,Medium,55,12,211.4109649658203,12.2823,32.1303,41.1883,140.0442,149.0085,-2.7878,False
2023-04-03,AMD,44,Watchlist Only,Data Insufficient,Low,Weak,Medium,56,0,96.55999755859375,-6.8869,15.203,0.8492,71.7378,135.3977,-16.0936,False
2023-04-03,MU,44,Watchlist Only,Data Insufficient,Low,Weak,Medium,51,6,58.730838775634766,4.0515,8.1362,15.4972,109.8142,120.72,-6.0393,False
2023-04-03,TSLA,29,Watchlist Only,Data Insufficient,Low,Weak,Medium,34,0,194.77000427246094,-17.6927,32.2072,26.8111,-12.1477,53.6633,-21.7693,False
2023-05-01,NVDA,60,Hold,Value + Improving Trend,Low,Medium,Medium,63,0,28.884429931640625,38.7444,58.785,43.1847,187.3318,237.0157,-5.7765,False
2023-05-01,AAPL,60,Hold,Value + Improving Trend,Low,Medium,Medium,59,0,167.16819763183594,4.6909,14.0912,2.2188,0.3619,18.1849,-3.1134,False
2023-05-01,MSFT,60,Hold,Value + Improving Trend,Low,Medium,Medium,57,0,298.4910888671875,8.6314,8.4707,7.3692,30.312,42.1508,-0.7069,False
2023-05-01,AMD,60,Hold,Value + Improving Trend,Low,Medium,Medium,44,0,89.69000244140625,39.67,23.8711,13.5132,60.8541,153.4285,-9.6666,False
2023-05-01,AVGO,60,Hold,Value + Improving Trend,Low,Medium,Medium,47,6,61.30561447143555,25.9252,40.8089,35.2538,98.6736,128.9194,-5.7465,False
2023-05-01,META,51,Watchlist Only,Watchlist Only,Medium,Weak,Medium,56,28,241.28651428222656,7.953,28.1808,26.9224,80.7945,118.7902,-5.4815,False
2023-05-01,MU,49,Watchlist Only,Watchlist Only,Low,Weak,Medium,43,6,61.5545768737793,14.9799,14.2,8.1938,76.9745,110.5948,-4.4908,False
2023-05-01,TSLA,21,Exit / Sell Candidate,Exit / Broken Thesis,High,Weak,Medium,11,10,161.8300018310547,24.3033,58.0115,30.9955,11.2217,84.941,-14.231,True
2023-06-01,AAPL,60,Hold,Value + Improving Trend,Low,Medium,Medium,61,0,177.76382446289062,7.7072,0.1906,6.1408,8.3128,11.1405,-8.5302,False
2023-06-01,MSFT,60,Hold,Value + Improving Trend,Low,Medium,Medium,59,0,325.59625244140625,2.3934,-2.464,12.6402,25.3096,31.3945,-6.7577,False
2023-06-01,META,56,Hold,Value + Improving Trend,Medium,Medium,Medium,60,12,270.4873046875,5.2713,6.4745,23.6125,75.3409,95.1704,-5.0365,False
2023-06-01,MU,53,Watchlist Only,Watchlist Only,Low,Weak,Medium,56,0,68.20857238769531,-8.6554,-5.2932,11.4236,86.6,94.0687,-12.433,False
2023-06-01,NVDA,51,Watchlist Only,Watchlist Only,Medium,Weak,Medium,60,28,39.734825134277344,6.3776,17.7768,25.6054,189.2554,191.3154,-6.0602,False
2023-06-01,AMD,51,Watchlist Only,Watchlist Only,Medium,Weak,Medium,55,28,119.47000122070312,-4.6539,-14.1123,-0.2595,36.8963,90.257,-22.0557,False
2023-06-01,AVGO,51,Watchlist Only,Turnaround Candidate,Medium,Weak,Medium,54,36,75.9124984741211,10.3932,9.5851,25.5522,70.6489,86.592,-1.7178,False
2023-06-01,AMZN,47,Watchlist Only,Watchlist Only,Low,Weak,Medium,47,12,122.7699966430664,6.1823,8.4467,17.211,45.2635,56.1456,-3.6002,False
2023-06-01,TSLA,25,Watchlist Only,Data Insufficient,Medium,Weak,Medium,37,28,207.52000427246094,26.1421,15.0829,16.2298,-15.0492,44.2222,-33.1149,True
2023-07-03,AAPL,60,Hold,Value + Improving Trend,Low,Medium,Medium,57,0,189.9740447998047,1.6367,-11.327,1.4235,15.7262,15.7262,-14.4093,False
2023-07-03,META,60,Hold,Value + Improving Trend,Low,Medium,Medium,55,0,283.7929382324219,12.8278,4.0976,23.799,78.6616,86.0198,-4.0696,False
2023-07-03,MSFT,60,Hold,Value + Improving Trend,Low,Medium,Medium,51,0,330.89263916015625,-0.4882,-7.2599,10.9769,37.393,37.4675,-8.2502,False
2023-07-03,AMD,60,Hold,Value + Improving Trend,Low,Medium,Medium,46,10,115.81999969482422,1.5369,-15.3255,20.7995,41.5127,96.2528,-19.5994,False
2023-07-03,AVGO,56,Hold,Value + Improving Trend,Medium,Medium,Medium,47,12,84.67268371582031,4.9701,-6.296,29.9166,100.7714,114.3022,-8.7878,False
2023-07-03,AMZN,51,Watchlist Only,Watchlist Only,Low,Weak,Medium,52,0,130.22000122070312,1.1289,-3.256,18.1385,51.7355,53.9164,-9.1153,False
2023-07-03,NVDA,51,Watchlist Only,Watchlist Only,Medium,Weak,Medium,54,28,42.3798713684082,9.6527,0.1379,15.5267,202.545,231.9787,-7.4971,False
2023-07-03,MU,50,Watchlist Only,Watchlist Only,Low,Weak,Medium,15,18,63.08479690551758,10.9439,6.9458,34.2468,115.372,147.9879,-5.3208,False
2023-07-03,TSLA,42,Watchlist Only,Data Insufficient,Medium,Weak,Medium,45,28,279.82000732421875,-6.7007,-14.0519,-9.0487,-11.947,6.958,-50.3967,True
2023-08-01,AVGO,60,Hold,Value + Improving Trend,Low,Medium,Medium,59,0,88.88101196289062,-3.2685,-7.1459,34.6368,62.6157,104.1555,-13.1065,False
2023-08-01,META,60,Hold,Value + Improving Trend,Low,Medium,Medium,57,0,320.1972961425781,-7.6601,-7.1829,19.3641,54.5545,68.5493,-14.9763,False
2023-08-01,NVDA,60,Hold,Value + Improving Trend,Low,Medium,Medium,55,0,46.470664978027344,4.896,-10.1588,28.7617,134.8952,202.7548,-15.6401,False
2023-08-01,AMD,60,Hold,Value + Improving Trend,Low,Medium,Medium,49,0,117.5999984741211,-9.932,-18.3163,43.2143,12.7041,93.2823,-20.8163,False
2023-08-01,AAPL,60,Hold,Value + Improving Trend,Low,Medium,Medium,49,6,193.0833740234375,-5.7468,-12.4119,0.0465,12.2231,21.9211,-15.7876,True
2023-08-01,MSFT,56,Hold,Watchlist Only,Low,Medium,Medium,38,6,329.27734375,-2.151,1.5018,19.0926,24.9845,40.3383,-7.8001,False
2023-08-01,AMZN,53,Watchlist Only,Watchlist Only,Low,Weak,Medium,46,0,131.69000244140625,2.4451,-7.8214,18.4752,39.7752,52.783,-10.1299,False
2023-08-01,TSLA,53,Watchlist Only,Watchlist Only,Low,Weak,Medium,44,0,261.07000732421875,-1.49,-18.6349,-19.8912,-16.9342,6.8602,-46.8342,True
2023-08-01,MU,53,Watchlist Only,Watchlist Only,Low,Weak,Medium,42,6,69.98873138427734,-5.766,-5.8636,24.0721,44.1533,123.5255,-12.7332,False
2023-09-01,NVDA,60,Hold,Value + Improving Trend,Low,Medium,Medium,54,0,48.471107482910156,-7.6755,-1.4102,63.0738,119.0146,190.2599,-19.1217,False
2023-09-01,AMZN,60,Hold,Value + Improving Trend,Low,Medium,Medium,53,0,138.1199951171875,-6.2699,6.4509,26.5059,25.4923,45.6704,-14.3136,True
2023-09-01,AVGO,57,Hold,Value + Improving Trend,Low,Medium,Medium,44,0,84.29399108886719,-3.7847,9.0524,51.551,79.7452,115.265,-8.378,False
2023-09-01,META,57,Hold,Value + Improving Trend,Low,Medium,Medium,33,0,294.0722961425781,3.5225,14.3768,62.7138,73.3564,84.0031,-5.7291,False
2023-09-01,MU,56,Hold,Watchlist Only,Low,Medium,Medium,44,6,69.62275695800781,-3.4522,8.3208,27.4744,27.4664,124.7004,-9.3195,False
2023-09-01,AAPL,56,Hold,Watchlist Only,Low,Medium,Medium,32,6,187.2653350830078,-8.292,0.6285,-4.1327,17.1646,25.709,-13.1712,False
2023-09-01,MSFT,53,Watchlist Only,Watchlist Only,Low,Weak,Medium,31,6,322.4397888183594,-2.0873,16.6789,24.482,25.3482,43.3142,-5.8449,True
2023-09-01,AMD,53,Watchlist Only,Watchlist Only,Low,Weak,Medium,22,6,109.44999694824219,-5.6464,11.4756,60.8132,28.7072,107.6747,-14.92,True
2023-09-01,TSLA,50,Watchlist Only,Watchlist Only,Low,Weak,Medium,37,0,245.00999450683594,2.6897,0.6979,-18.6156,-10.4485,13.8647,-43.3492,True
2023-10-02,MU,60,Hold,Value + Improving Trend,Low,Medium,Medium,51,0,67.21923828125,-2.6188,27.7289,72.8701,47.6381,132.7349,-5.8467,False
2023-10-02,META,60,Hold,Value + Improving Trend,Low,Medium,Medium,49,0,304.43096923828125,-1.3558,16.6254,64.1202,87.2546,90.5988,-8.9368,False
2023-10-02,NVDA,57,Hold,Value + Improving Trend,Low,Medium,Medium,35,0,44.750701904296875,-8.0858,10.3599,112.1719,165.4771,214.391,-12.3978,False
2023-10-02,AMZN,57,Hold,Value + Improving Trend,Low,Medium,Medium,32,0,129.4600067138672,2.5104,18.4458,38.8151,42.7159,55.4148,-8.5818,True
2023-10-02,AVGO,53,Watchlist Only,Watchlist Only,Low,Weak,Medium,27,0,81.10368347167969,0.7545,35.4989,63.3124,107.5449,123.7327,-3.1187,False
2023-10-02,MSFT,53,Watchlist Only,Watchlist Only,Low,Weak,Medium,31,6,315.7096252441406,4.8198,16.479,31.9148,30.597,46.3693,-3.2908,False
2023-10-02,AMD,50,Watchlist Only,Watchlist Only,Low,Weak,Medium,27,6,103.2699966430664,-6.8655,41.4448,72.9738,54.7206,120.1027,-9.8286,True
2023-10-02,AAPL,50,Watchlist Only,Watchlist Only,Low,Weak,Medium,18,6,171.7373046875,-1.9914,11.3119,-1.4139,31.1887,37.0753,-5.3204,True
2023-10-02,TSLA,49,Watchlist Only,Watchlist Only,Low,Weak,Medium,42,0,251.60000610351562,-21.558,3.911,-31.3871,-1.0254,7.7106,-44.8331,True
2023-11-01,MU,60,Hold,Value + Improving Trend,Low,Medium,Medium,56,0,68.75807189941406,9.683,24.3161,61.1488,44.3228,127.5262,0.5043,False
2023-11-01,MSFT,60,Hold,Value + Improving Trend,Low,Medium,Medium,54,0,339.5202941894531,9.7116,18.3054,15.7539,19.4701,36.1044,-0.3756,False
2023-11-01,META,60,Hold,Value + Improving Trend,Low,Medium,Medium,52,0,309.4218444824219,4.9062,28.286,41.6861,82.4171,93.9283,-1.1288,False
2023-11-01,AMZN,60,Hold,Value + Improving Trend,Low,Medium,Medium,50,0,137.0,6.635,16.0584,26.7664,44.4744,46.8613,-0.3869,False
2023-11-01,AMD,60,Hold,Value + Improving Trend,Low,Medium,Medium,57,6,108.04000091552734,12.1437,59.2558,42.3177,31.3032,110.385,-1.9715,False
2023-11-01,NVDA,57,Hold,Value + Improving Trend,Low,Medium,Medium,34,6,42.29542922973633,10.502,48.3273,95.2585,220.0023,241.32,1.3444,False
2023-11-01,AVGO,57,Hold,Value + Improving Trend,Low,Medium,Medium,42,10,82.85116577148438,8.534,42.2979,53.1069,101.096,121.9295,0.8277,False
2023-11-01,AAPL,50,Watchlist Only,Watchlist Only,Low,Weak,Medium,24,6,171.9547576904297,9.3293,8.23,-2.0918,28.7869,37.2106,-5.4401,True
2023-11-01,TSLA,39,Watchlist Only,Data Insufficient,Low,Weak,Medium,18,0,205.66000366210938,16.7364,-6.8414,-17.2518,21.0639,33.0059,-32.51,True
2023-12-01,MU,60,Hold,Value + Improving Trend,Low,Medium,Medium,61,0,75.22766876220703,8.5872,19.4934,70.9318,32.0565,107.9589,-3.951,False
2023-12-01,META,60,Hold,Value + Improving Trend,Low,Medium,Medium,48,0,322.2908020019531,6.6098,51.0529,47.3824,89.4889,89.6587,-3.4357,False
2023-12-01,AVGO,60,Hold,Value + Improving Trend,Low,Medium,Medium,52,10,90.33647155761719,17.2442,40.4806,52.7244,83.5924,103.5403,-2.8925,False
2023-12-01,MSFT,60,Hold,Value + Improving Trend,Low,Medium,Medium,52,16,368.1678161621094,-0.9719,10.6526,15.2794,15.9981,25.514,-3.1001,False
2023-12-01,AMZN,60,Hold,Value + Improving Trend,Low,Medium,Medium,46,16,147.02999877929688,1.9724,20.2204,22.9341,45.1677,46.8408,-2.8702,False
2023-12-01,AMD,57,Hold,Value + Improving Trend,Low,Medium,Medium,51,0,121.38999938964844,14.161,58.6045,37.0459,16.9619,87.2477,-4.1354,False
2023-12-01,TSLA,56,Hold,Watchlist Only,Low,Medium,Medium,37,0,238.8300018310547,4.0154,-15.4713,-24.9508,47.1423,51.5429,-41.8833,True
2023-12-01,NVDA,56,Hold,Watchlist Only,Low,Medium,Medium,45,6,46.732322692871094,3.0092,69.1841,127.6988,200.0159,227.0315,-3.7528,False
2023-12-01,AAPL,53,Watchlist Only,Watchlist Only,Low,Weak,Medium,47,6,189.27374267578125,-2.9283,-5.3646,-0.3972,27.504,27.5618,-14.0926,True
2024-01-02,AVGO,60,Hold,Value + Improving Trend,Low,Medium,Medium,58,0,105.91423797607422,8.7177,22.6349,46.7286,116.6104,134.5635,-4.0419,False
2024-01-02,MU,60,Hold,Value + Improving Trend,Low,Medium,Medium,56,0,81.68760681152344,4.1414,43.3129,71.5524,6.5133,91.5133,-3.8742,False
2024-01-02,AMZN,60,Hold,Value + Improving Trend,Low,Medium,Medium,49,0,149.92999267578125,3.515,20.3095,24.2847,46.8819,55.4059,-3.9218,False
2024-01-02,MSFT,60,Hold,Value + Improving Trend,Low,Medium,Medium,48,0,364.5894470214844,7.202,13.6511,22.0371,13.7083,26.7459,-1.1783,False
2024-01-02,AMD,60,Hold,Value + Improving Trend,Low,Medium,Medium,55,16,138.5800018310547,21.0059,30.2425,15.6372,-12.9528,64.0208,-14.9228,False
2024-01-02,META,60,Hold,Value + Improving Trend,Low,Medium,Medium,54,16,343.5936584472656,12.6628,40.3723,47.7517,73.7067,84.9092,-0.8981,False
2024-01-02,NVDA,56,Hold,Watchlist Only,Low,Medium,Medium,37,6,48.138572692871094,27.7342,87.5939,161.8051,187.2223,217.478,-1.7605,False
2024-01-02,TSLA,49,Watchlist Only,Watchlist Only,Low,Weak,Medium,36,0,248.4199981689453,-24.6075,-29.2368,-24.5834,52.6769,96.6589,-44.1269,True
2024-01-02,AAPL,46,Watchlist Only,Watchlist Only,Low,Weak,Medium,28,6,183.73129272460938,-0.668,-7.5098,12.9179,31.9999,40.7963,-11.5011,True
2024-02-01,AMZN,60,Hold,Value + Improving Trend,Low,Medium,Medium,61,0,159.27999877929688,11.891,13.6113,12.9144,51.9714,52.2602,-4.8154,False
2024-02-01,AVGO,60,Hold,Value + Improving Trend,Low,Medium,Medium,60,0,117.10013580322266,16.5965,12.0258,25.3086,87.8534,112.157,0.2192,False
2024-02-01,MU,60,Hold,Value + Improving Trend,Low,Medium,Medium,53,0,84.93170928955078,11.1435,33.7115,25.7421,6.3512,84.1982,-7.5459,False
2024-02-01,META,60,Hold,Value + Improving Trend,Low,Medium,Medium,58,16,391.7060546875,27.3704,9.7014,15.0873,79.0567,80.7349,5.1066,False
2024-02-01,MSFT,60,Hold,Value + Improving Trend,Low,Medium,Medium,56,22,396.94219970703125,3.0928,-0.1947,3.9996,2.8911,16.4155,-4.1583,False
2024-02-01,AMD,56,Hold,Value + Improving Trend,Medium,Medium,Medium,55,12,170.47999572753906,18.8644,-6.03,-18.8644,-29.9038,33.3294,-33.8339,False
2024-02-01,NVDA,51,Watchlist Only,Watchlist Only,Medium,Weak,Medium,52,28,62.988494873046875,30.5456,39.2437,78.1689,88.306,143.0282,1.0519,False
2024-02-01,AAPL,46,Watchlist Only,Watchlist Only,Low,Weak,Medium,30,6,184.93875122070312,-3.7305,-7.0312,16.6986,25.1956,39.877,-12.0789,True
2024-02-01,TSLA,35,Exit / Sell Candidate,Exit / Broken Thesis,High,Weak,Medium,8,20,188.86000061035156,7.2964,2.7481,16.6208,107.6723,158.6784,-26.5064,True
2024-03-01,MU,60,Hold,Value + Improving Trend,Low,Medium,Medium,62,0,94.39610290527344,30.762,39.5671,9.7761,-0.4277,65.73,-11.9411,False
2024-03-01,AMZN,60,Hold,Value + Improving Trend,Low,Medium,Medium,55,0,178.22000122070312,1.543,2.2051,-1.1727,16.9117,36.079,-14.931,False
2024-03-01,MSFT,56,Hold,Watchlist Only,Low,Medium,Medium,48,6,409.2190246582031,2.1829,3.7536,0.373,-2.7481,12.9229,-7.6032,False
2024-03-01,AVGO,56,Hold,Value + Improving Trend,Medium,Medium,Medium,59,12,136.53469848632812,-3.0847,1.379,16.89,38.7683,81.9582,-14.0448,False
2024-03-01,AMD,51,Watchlist Only,Watchlist Only,Medium,Weak,Medium,63,28,202.63999938964844,-9.5243,-15.3129,-25.1382,-49.8273,12.1694,-52.6796,True
2024-03-01,META,51,Watchlist Only,Watchlist Only,Medium,Weak,Medium,54,28,498.91766357421875,-2.18,-4.4555,6.004,31.053,47.91,-17.4796,False
2024-03-01,NVDA,51,Watchlist Only,Watchlist Only,Medium,Weak,Medium,52,28,82.2287368774414,9.8303,38.4391,50.4102,42.6041,86.1634,-8.1059,False
2024-03-01,AAPL,39,Watchlist Only,Data Insufficient,Low,Weak,Medium,20,6,178.03970336914062,-5.3601,5.8932,25.2893,31.8341,45.2973,-8.6719,True
2024-03-01,TSLA,28,Exit / Sell Candidate,Exit / Broken Thesis,Low,Weak,Medium,15,12,202.63999938964844,-13.5314,-12.7764,3.9578,37.7319,141.0876,-31.5041,True
2024-04-01,MSFT,60,Hold,Value + Improving Trend,Low,Medium,Medium,59,0,418.1519470214844,-5.2571,6.6904,2.8902,-9.3065,10.5106,-12.8427,False
2024-04-01,AMZN,60,Hold,Value + Improving Trend,Low,Medium,Medium,55,0,180.97000122070312,-0.0055,6.9846,5.8739,8.3108,34.0112,-16.2237,False
2024-04-01,AVGO,60,Hold,Value + Improving Trend,Low,Medium,Medium,54,0,132.3230743408203,-0.8621,18.2776,27.5368,29.0076,87.7497,-11.3089,False
2024-04-01,AMD,60,Hold,Value + Improving Trend,Low,Medium,Medium,45,0,183.33999633789062,-12.6214,-14.0722,-14.9395,-43.842,2.149,-48.331,True
2024-04-01,META,60,Hold,Value + Improving Trend,Low,Medium,Medium,46,10,488.04144287109375,-11.9528,4.5343,14.469,19.2755,51.2062,-15.6406,False
2024-04-01,NVDA,56,Hold,Value + Improving Trend,Medium,Medium,Medium,49,12,90.3120346069336,-2.8839,39.8918,28.3927,22.2362,69.501,-16.3308,False
2024-04-01,MU,51,Watchlist Only,Turnaround Candidate,Medium,Weak,Medium,59,28,123.43418884277344,-7.9968,14.5294,-26.8065,-28.3923,26.7417,-32.6571,False
2024-04-01,AAPL,33,Exit / Sell Candidate,Exit / Broken Thesis,Low,Weak,Medium,12,18,168.4965362548828,2.0408,25.5892,34.5492,32.2985,53.5265,-3.4994,True
2024-04-01,TSLA,26,Exit / Sell Candidate,Exit / Broken Thesis,Low,Weak,Medium,7,12,175.22000122070312,10.7465,12.0705,35.9719,61.3743,178.8152,-20.7853,True
2024-05-01,AMZN,60,Hold,Value + Improving Trend,Low,Medium,Medium,51,0,179.0,0.1788,2.3464,5.9777,4.1061,35.486,-15.3017,False
2024-05-01,MU,60,Hold,Value + Improving Trend,Low,Medium,Medium,46,10,108.93587493896484,15.1231,-1.6004,-1.517,-26.353,43.6098,-43.643,True
2024-05-01,META,57,Hold,Value + Improving Trend,Low,Medium,Medium,38,0,436.2326354980469,6.3435,6.1437,32.7771,36.9467,69.1641,-1.5733,False
2024-05-01,NVDA,57,Hold,Value + Improving Trend,Low,Medium,Medium,37,0,82.9941635131836,33.0668,34.3904,72.9436,37.1099,84.4465,0.1915,False
2024-05-01,AVGO,57,Hold,Value + Improving Trend,Low,Medium,Medium,38,10,121.79806518554688,9.7533,21.2502,45.2629,63.4728,103.9738,-1.573,False
2024-05-01,MSFT,50,Watchlist Only,Watchlist Only,Low,Weak,Medium,24,0,388.96978759765625,5.1851,8.2442,8.6375,11.2827,18.8015,-12.0316,True
2024-05-01,AMD,49,Exit / Sell Candidate,Exit / Broken Thesis,High,Weak,Medium,17,48,144.27000427246094,15.5819,-3.133,6.8067,-30.2766,29.8122,-46.9883,True
2024-05-01,TSLA,37,Watchlist Only,Data Insufficient,Low,Weak,Medium,30,0,179.99000549316406,-0.6667,28.9516,21.1012,55.7087,171.4262,-6.9893,False
2024-05-01,AAPL,33,Exit / Sell Candidate,Exit / Broken Thesis,Low,Weak,Medium,18,18,167.7731170654297,13.142,29.0821,39.6653,18.0326,54.1885,0.4188,False
2024-06-03,MU,60,Hold,Value + Improving Trend,Low,Medium,Medium,54,16,127.27722930908203,3.4485,-25.9242,-19.6648,-16.6888,22.9149,-51.7643,True
2024-06-03,AMD,56,Hold,Watchlist Only,Low,Medium,Medium,44,6,163.5500030517578,0.4647,-10.5105,-15.934,-29.2632,14.5093,-53.2375,True
2024-06-03,AAPL,54,Watchlist Only,Watchlist Only,Low,Weak,Medium,53,0,192.5408935546875,13.5237,16.8645,18.0417,3.8851,34.3542,-12.4987,False
2024-06-03,AMZN,53,Watchlist Only,Watchlist Only,Low,Weak,Medium,29,0,178.33999633789062,12.1453,-4.2279,11.237,16.5807,35.9874,-14.9882,True
2024-06-03,AVGO,53,Watchlist Only,Watchlist Only,Low,Weak,Medium,37,6,129.54385375976562,25.7843,20.041,24.8214,99.0375,103.249,-2.4828,False
2024-06-03,META,53,Watchlist Only,Watchlist Only,Low,Weak,Medium,28,6,474.2747802734375,6.8098,8.3359,18.1568,43.902,55.5953,-7.2045,False
2024-06-03,NVDA,51,Watchlist Only,Watchlist Only,Medium,Weak,Medium,54,28,114.93513488769531,6.6783,9.2351,27.5605,21.7705,33.188,-24.6535,False
2024-06-03,MSFT,50,Watchlist Only,Watchlist Only,Low,Weak,Medium,27,6,408.0035095214844,11.066,-0.5272,0.223,13.9644,14.4445,-16.1354,True
2024-06-03,TSLA,30,Watchlist Only,Data Insufficient,Low,Weak,Medium,20,0,176.2899932861328,31.1816,16.7111,92.6598,61.4953,177.1229,-5.0371,False
2024-07-01,AMZN,60,Hold,Value + Improving Trend,Low,Medium,Medium,57,0,197.1999969482422,-7.855,-2.3682,13.2302,13.2911,22.9817,-23.1187,True
2024-07-01,MSFT,60,Hold,Value + Improving Trend,Low,Medium,Medium,59,6,450.6371154785156,-7.4026,-5.22,-3.9489,10.0573,10.4809,-24.0696,True
2024-07-01,AAPL,57,Hold,Value + Improving Trend,Low,Medium,Medium,52,0,215.08653259277344,0.9458,4.5592,15.5037,-1.0156,20.2711,-21.6707,False
2024-07-01,META,56,Hold,Watchlist Only,Low,Medium,Medium,46,6,501.7793884277344,-8.2211,12.7154,18.2173,42.9563,48.7003,-12.291,False
2024-07-01,NVDA,56,Hold,Value + Improving Trend,Medium,Medium,Medium,51,12,124.24010467529297,-16.5487,-0.6271,5.149,28.2304,29.5502,-30.2966,False
2024-07-01,MU,56,Hold,Watchlist Only,Low,Medium,Medium,37,16,130.60391235351562,-21.9513,-27.1185,-33.6494,-6.5893,4.2655,-52.993,True
2024-07-01,AVGO,56,Hold,Value + Improving Trend,Medium,Medium,Medium,49,22,161.3060302734375,-12.5305,7.3241,33.4947,69.6221,71.1816,-21.6845,False
2024-07-01,AMD,50,Watchlist Only,Watchlist Only,Low,Weak,Medium,20,6,157.69000244140625,-12.2075,2.7459,-24.6116,-12.5436,18.7647,-51.4998,True
2024-07-01,TSLA,25,Watchlist Only,Data Insufficient,Medium,Weak,Medium,43,28,209.86000061035156,6.0802,22.4721,107.8386,50.2668,132.7933,-13.2755,False
2024-08-01,META,60,Hold,Value + Improving Trend,Low,Medium,Medium,53,0,494.8792724609375,4.1146,15.2804,30.3151,53.9105,58.2025,-9.4306,False
2024-08-01,AAPL,60,Hold,Value + Improving Trend,Low,Medium,Medium,53,10,216.6841583251953,5.3563,6.099,2.2546,-6.6363,19.3843,-22.2483,True
2024-08-01,AVGO,57,Hold,Value + Improving Trend,Low,Medium,Medium,37,10,144.5344696044922,6.7406,18.0581,67.4348,101.5156,111.1604,-12.5969,False
2024-08-01,NVDA,57,Hold,Value + Improving Trend,Low,Medium,Medium,37,10,109.15736389160156,7.6733,29.6146,30.6126,63.2784,67.8948,-20.6654,False
2024-08-01,AMZN,53,Watchlist Only,Watchlist Only,Low,Weak,Medium,29,0,184.07000732421875,-6.4921,2.0427,27.5873,16.1243,31.7542,-17.6346,True
2024-08-01,MU,53,Watchlist Only,Watchlist Only,Low,Weak,Medium,26,6,100.89109802246094,-5.8516,6.4245,1.9017,7.9401,28.3958,-39.1492,True
2024-08-01,MSFT,50,Watchlist Only,Watchlist Only,Low,Weak,Medium,24,6,411.5456237792969,-0.7781,2.8318,6.8665,27.4955,34.1873,-16.8572,True
2024-08-01,TSLA,44,Watchlist Only,Data Insufficient,Low,Weak,Medium,45,0,216.86000061035156,-4.8787,24.1308,87.485,42.3591,125.279,-16.0749,False
2024-08-01,AMD,39,Watchlist Only,Data Insufficient,Low,Weak,Medium,17,6,132.5399932861328,9.7706,17.8739,-7.3185,31.515,37.6943,-42.2967,True
2024-09-03,AAPL,60,Hold,Value + Improving Trend,Low,Medium,Medium,43,0,221.3162078857422,1.5442,5.633,8.1335,8.096,16.8856,-23.8756,True
2024-09-03,META,57,Hold,Value + Improving Trend,Low,Medium,Medium,44,0,508.81866455078125,12.752,12.179,31.8756,47.5353,56.1233,-5.9964,False
2024-09-03,AVGO,57,Hold,Value + Improving Trend,Low,Medium,Medium,41,0,150.20689392089844,9.9685,8.1758,40.2008,121.6811,135.88,-11.7089,False
2024-09-03,NVDA,53,Watchlist Only,Watchlist Only,Low,Weak,Medium,24,6,107.94794464111328,8.3426,26.7886,21.5743,54.697,70.8688,-19.7765,True
2024-09-03,AMZN,46,Watchlist Only,Watchlist Only,Low,Weak,Medium,27,0,176.25,5.0383,17.9348,21.617,31.8184,37.6,-8.4369,False
2024-09-03,TSLA,41,Watchlist Only,Data Insufficient,Low,Weak,Medium,31,0,210.60000610351562,22.5166,60.603,38.0817,66.5907,131.9753,-0.0427,False
2024-09-03,MSFT,39,Watchlist Only,Data Insufficient,Low,Weak,Medium,18,6,404.7060852050781,2.7477,4.7398,-1.98,21.8045,36.4551,-15.4521,True
2024-09-03,MU,39,Watchlist Only,Data Insufficient,Low,Weak,Medium,17,6,88.03993225097656,13.2423,15.0537,10.5747,49.0002,49.0456,-30.2668,True
2024-09-03,AMD,35,Exit / Sell Candidate,Exit / Broken Thesis,Low,Weak,Medium,19,6,136.94000244140625,16.6569,0.5696,-23.514,10.3695,36.3006,-44.1507,True
2024-10-01,META,60,Hold,Value + Improving Trend,Low,Medium,Medium,63,0,573.7034301757812,2.9161,4.7473,6.1663,23.6481,38.466,-16.628,False
2024-10-01,AAPL,60,Hold,Value + Improving Trend,Low,Medium,Medium,48,0,224.7337646484375,3.2978,14.6302,-1.8533,14.593,15.1348,-25.0332,True
2024-10-01,NVDA,56,Hold,Watchlist Only,Low,Medium,Medium,33,6,116.95362091064453,20.7265,19.6065,-2.7536,60.4049,63.3374,-25.9539,True
2024-10-01,AVGO,56,Hold,Watchlist Only,Low,Medium,Medium,41,16,165.1802215576172,7.0281,46.9024,7.6576,104.0298,125.2666,-17.0663,False
2024-10-01,AMZN,53,Watchlist Only,Watchlist Only,Low,Weak,Medium,38,0,185.1300048828125,3.0789,22.6435,8.6426,18.5707,30.9998,-12.8288,False
2024-10-01,MSFT,53,Watchlist Only,Watchlist Only,Low,Weak,Medium,29,6,415.8260192871094,2.6766,4.3493,-6.9305,23.8998,32.806,-17.7131,True
2024-10-01,TSLA,47,Watchlist Only,Watchlist Only,Low,Weak,Medium,48,12,258.0199890136719,0.5814,76.0057,5.4414,66.5879,89.3419,-17.7932,False
2024-10-01,AMD,39,Watchlist Only,Data Insufficient,Low,Weak,Medium,35,0,159.75,4.0689,-21.7152,-31.0235,3.0798,16.8388,-52.1252,True
2024-10-01,MU,39,Watchlist Only,Data Insufficient,Low,Weak,Medium,26,6,99.69840240478516,7.9671,-10.3568,-7.9318,88.243,92.2719,-38.4212,True
2024-11-01,NVDA,60,Hold,Value + Improving Trend,Low,Medium,Medium,54,0,135.34632873535156,2.3855,-11.3159,-19.4701,44.2142,56.7584,-36.0163,True
2024-11-01,META,60,Hold,Value + Improving Trend,Low,Medium,Medium,47,0,564.438232421875,4.5261,21.6122,-2.0769,12.4814,40.7389,-15.2595,True
2024-11-01,AVGO,60,Hold,Value + Improving Trend,Low,Medium,Medium,45,0,166.6103973388672,-1.4267,31.342,13.8185,114.5991,131.0387,-17.7782,False
2024-11-01,AMZN,57,Hold,Value + Improving Trend,Low,Medium,Medium,56,8,197.92999267578125,6.4568,20.0829,-5.3251,26.4083,30.6523,-18.4661,True
2024-11-01,AAPL,53,Watchlist Only,Watchlist Only,Low,Weak,Medium,33,6,221.4552764892578,7.6011,5.9888,-5.0402,21.7519,24.988,-23.9234,True
2024-11-01,TSLA,51,Watchlist Only,Watchlist Only,Low,Weak,Medium,46,16,248.97999572753906,43.4212,62.503,17.2905,85.5852,96.2166,-13.9489,False
2024-11-01,MSFT,43,Watchlist Only,Data Insufficient,Low,Weak,Medium,22,6,405.6253356933594,5.2325,1.3453,-3.5942,24.5139,36.1458,-15.6437,True
2024-11-01,MU,39,Watchlist Only,Data Insufficient,Low,Weak,Medium,21,6,99.23356628417969,-1.1832,-8.3941,-22.7112,139.1372,141.5336,-38.1328,True
2024-11-01,AMD,39,Watchlist Only,Data Insufficient,Low,Weak,Medium,20,6,141.86000061035156,0.141,-18.2645,-32.2854,80.6922,88.2701,-46.0877,True
2024-12-02,AMZN,60,Hold,Value + Improving Trend,Low,Medium,Medium,57,0,210.7100067138672,4.1194,-2.7004,-2.8428,8.7324,22.7279,-23.4113,True
2024-12-02,NVDA,60,Hold,Value + Improving Trend,Low,Medium,Medium,45,0,138.5750274658203,-3.1239,-17.7178,-2.7399,32.3255,53.106,-37.5071,True
2024-12-02,META,60,Hold,Value + Improving Trend,Low,Medium,Medium,47,6,589.9850463867188,-1.1551,10.5846,8.7449,11.9394,34.6448,-18.9288,True
2024-12-02,AAPL,56,Hold,Watchlist Only,Low,Medium,Medium,40,6,238.2882843017578,4.5202,-0.5419,-16.147,17.6884,21.009,-29.2975,True
2024-12-02,AVGO,53,Watchlist Only,Watchlist Only,Low,Weak,Medium,30,6,164.2333526611328,39.608,12.8293,44.6147,131.0775,144.4012,-16.5882,False
2024-12-02,TSLA,51,Watchlist Only,Watchlist Only,Medium,Weak,Medium,52,28,357.0899963378906,13.0919,-20.2862,-0.0532,27.2872,36.8115,-40.0011,False
2024-12-02,MSFT,50,Watchlist Only,Watchlist Only,Low,Weak,Medium,31,6,426.84979248046875,-2.1996,-9.6782,6.5289,12.392,29.3762,-19.8382,True
2024-12-02,MU,39,Exit / Sell Candidate,Exit / Broken Thesis,Low,Weak,Medium,18,28,98.0594253540039,-14.4908,-8.0085,-2.1508,130.945,165.518,-37.392,True
2024-12-02,AMD,33,Exit / Sell Candidate,Exit / Broken Thesis,Low,Weak,Medium,9,18,142.05999755859375,-14.9725,-30.8532,-20.5547,52.0344,88.0051,-46.1636,True
2025-01-02,AAPL,60,Hold,Value + Improving Trend,Low,Medium,Medium,57,0,242.52517700195312,-6.4958,-8.3718,-17.3406,8.0773,18.895,-30.5327,True
2025-01-02,AMZN,60,Hold,Value + Improving Trend,Low,Medium,Medium,54,0,220.22000122070312,7.8104,-12.7373,1.3986,9.4042,17.428,-26.7187,True
2025-01-02,TSLA,60,Hold,Value + Improving Trend,Low,Medium,Medium,54,0,379.2799987792969,1.1601,-29.2185,-14.6725,14.1531,31.5202,-43.5114,False
2025-01-02,META,60,Hold,Value + Improving Trend,Low,Medium,Medium,47,6,596.8453369140625,16.3908,-2.1225,22.6299,10.5906,33.0972,-19.8607,True
2025-01-02,NVDA,57,Hold,Value + Improving Trend,Low,Medium,Medium,44,0,138.2646942138672,-15.6532,-20.3527,14.0738,35.4141,53.4497,-37.3668,True
2025-01-02,AVGO,51,Watchlist Only,Watchlist Only,Medium,Weak,Medium,51,28,229.42124938964844,-6.1428,-27.136,16.7346,49.5286,79.9972,-40.2889,True
2025-01-02,MSFT,39,Watchlist Only,Data Insufficient,Low,Weak,Medium,22,6,414.568603515625,-1.83,-8.5106,18.9371,15.1608,33.2088,-17.4635,True
2025-01-02,MU,35,Exit / Sell Candidate,Exit / Broken Thesis,Low,Weak,Medium,13,6,87.00817108154297,2.9658,1.7125,43.0464,294.5443,295.831,-29.4399,True
2025-01-02,AMD,21,Exit / Sell Candidate,Exit / Broken Thesis,High,Weak,Medium,8,36,120.62999725341797,-5.2723,-14.7973,19.2158,77.6921,121.4043,-36.5995,True
2025-02-03,META,60,Hold,Value + Improving Trend,Low,Medium,Medium,68,0,694.6727905273438,-8.2385,-21.2158,3.0627,-3.7795,14.3537,-31.1463,True
2025-02-03,AMZN,60,Hold,Value + Improving Trend,Low,Medium,Medium,61,0,237.4199981689453,-14.1606,-22.3233,-1.9501,-1.8659,8.9209,-32.0276,True
2025-02-03,AVGO,60,Hold,Value + Improving Trend,Low,Medium,Medium,43,0,215.3284149169922,-13.8933,-11.334,35.8955,42.7611,91.7777,-36.3809,True
2025-02-03,TSLA,57,Hold,Value + Improving Trend,Low,Medium,Medium,37,0,383.67999267578125,-29.0972,-26.4595,-15.1402,5.82,30.012,-44.1592,True
2025-02-03,AAPL,50,Watchlist Only,Watchlist Only,Low,Weak,Medium,23,6,226.77122497558594,3.5873,-6.6999,-5.8961,21.8107,27.1547,-25.7068,True
2025-02-03,MSFT,39,Watchlist Only,Data Insufficient,Low,Weak,Medium,18,6,406.9820251464844,-5.2397,-3.6181,25.1996,1.5393,35.692,-15.9249,True
2025-02-03,NVDA,39,Exit / Sell Candidate,Exit / Broken Thesis,High,Weak,Medium,8,38,116.62179565429688,-0.5743,-6.6261,51.5331,49.3551,81.9272,-25.7432,True
2025-02-03,MU,33,Exit / Sell Candidate,Exit / Broken Thesis,Low,Weak,Medium,19,6,89.58863067626953,1.4235,-14.3125,23.9988,323.3134,408.2215,-31.4723,True
2025-02-03,AMD,21,Exit / Sell Candidate,Exit / Broken Thesis,High,Weak,Medium,13,6,114.2699966430664,-11.8316,-14.807,51.9734,75.1903,133.7271,-33.0708,True
2025-03-03,META,60,Hold,Value + Improving Trend,Low,Medium,Medium,45,0,652.4323120117188,-11.9345,-1.6636,15.4176,2.2572,21.7574,-26.6885,True
2025-03-03,AMZN,57,Hold,Value + Improving Trend,Low,Medium,Medium,38,0,205.02000427246094,-7.1993,-0.1463,11.6184,5.7555,26.134,-21.2857,True
2025-03-03,AVGO,57,Hold,Value + Improving Trend,Low,Medium,Medium,37,10,185.30331420898438,-10.3717,28.1713,57.754,70.9982,122.8519,-26.0725,True
2025-03-03,AAPL,54,Watchlist Only,Watchlist Only,Low,Weak,Medium,39,0,236.99705505371094,-6.6798,-15.6901,-4.0804,10.7693,21.6683,-28.9123,True
2025-03-03,TSLA,49,Exit / Sell Candidate,Exit / Broken Thesis,High,Weak,Medium,23,30,284.6499938964844,-8.9549,25.382,19.4485,42.6102,75.2433,-24.7321,True
2025-03-03,NVDA,39,Watchlist Only,Data Insufficient,Low,Weak,Medium,17,6,114.02263641357422,-4.9711,18.2031,56.0747,60.5208,86.0742,-24.0505,True
2025-03-03,MU,33,Exit / Sell Candidate,Exit / Broken Thesis,Low,Weak,Medium,21,6,90.20634460449219,-3.9064,6.3676,30.2674,344.0948,404.7413,-31.9415,True
2025-03-03,MSFT,28,Exit / Sell Candidate,Exit / Broken Thesis,Low,Weak,Medium,12,18,385.5384521484375,-3.372,17.9437,31.0192,5.0998,43.2391,-11.2487,True
2025-03-03,AMD,21,Exit / Sell Candidate,Exit / Broken Thesis,High,Weak,Medium,10,26,98.2300033569336,4.5913,14.8936,70.7828,105.7111,171.8925,-22.1419,True
2025-04-01,META,57,Hold,Value + Improving Trend,Low,Medium,Medium,33,6,584.177490234375,-6.314,25.2892,29.0941,-1.6634,35.9834,-18.1229,True
2025-04-01,AMZN,46,Watchlist Only,Watchlist Only,Low,Weak,Medium,20,0,192.1699981689453,-4.0329,16.1992,14.8514,9.1586,34.5684,-16.0223,True
2025-04-01,AAPL,42,Watchlist Only,Data Insufficient,Low,Weak,Medium,20,6,222.2214813232422,-4.7896,-9.7882,14.2761,15.1644,29.758,-24.1857,True
2025-04-01,AVGO,42,Watchlist Only,Data Insufficient,Low,Weak,Medium,20,6,167.16552734375,14.212,60.2089,101.9463,88.1668,147.0318,-18.0513,True
2025-04-01,TSLA,41,Watchlist Only,Data Insufficient,Low,Weak,Medium,22,0,268.4599914550781,5.1032,20.5506,58.627,34.318,85.8117,-20.1929,True
2025-04-01,NVDA,35,Exit / Sell Candidate,Exit / Broken Thesis,Low,Weak,Medium,19,6,110.12405395507812,-1.1167,43.2237,62.0086,61.082,92.6616,-21.3618,True
2025-04-01,MU,30,Exit / Sell Candidate,Exit / Broken Thesis,Low,Weak,Medium,28,0,88.49816131591797,-13.2567,40.6381,87.7654,313.8391,432.375,-30.6279,True
2025-04-01,MSFT,26,Exit / Sell Candidate,Exit / Broken Thesis,Low,Weak,Medium,22,0,379.2863464355469,3.4198,30.0009,33.7041,-1.5361,45.6003,-9.7857,True
2025-04-01,AMD,21,Exit / Sell Candidate,Exit / Broken Thesis,High,Weak,Medium,21,6,102.77999877929688,-5.2831,39.9202,56.548,111.617,159.856,-25.5886,True
2025-05-01,MSFT,48,Watchlist Only,Turnaround Candidate,Low,Weak,Medium,53,8,422.1680603027344,8.4168,20.7125,22.791,,30.8109,-15.6071,False
2025-05-01,AVGO,47,Watchlist Only,Watchlist Only,Medium,Weak,Medium,40,22,195.7439727783203,22.6727,51.0769,73.1543,,119.3222,-0.7044,False
2025-05-01,TSLA,46,Watchlist Only,Watchlist Only,Low,Weak,Medium,33,0,280.5199890136719,23.5063,14.5016,56.4844,,77.8233,-3.3937,False
2025-05-01,META,42,Watchlist Only,Data Insufficient,Low,Weak,Medium,18,18,570.430419921875,13.156,22.4268,28.3567,,39.2605,-8.7952,False
2025-05-01,AMZN,40,Exit / Sell Candidate,Exit / Broken Thesis,Low,Weak,Medium,16,12,190.1999969482422,7.7865,21.4564,14.5899,,39.0641,-3.3386,False
2025-05-01,NVDA,33,Exit / Sell Candidate,Exit / Broken Thesis,Low,Weak,Medium,17,18,111.58370208740234,21.0734,57.2639,61.5471,,90.1413,-0.7078,False
2025-05-01,AAPL,33,Exit / Sell Candidate,Exit / Broken Thesis,Low,Weak,Medium,9,18,212.39430236816406,-5.7222,-0.8311,21.4526,,35.7617,-9.4084,False
2025-05-01,AMD,21,Exit / Sell Candidate,Exit / Broken Thesis,High,Weak,Medium,11,18,96.6500015258789,14.568,83.5903,138.21,,265.225,0.238,False
2025-05-01,MU,21,Exit / Sell Candidate,Exit / Broken Thesis,High,Weak,Medium,9,18,77.58428955078125,21.4607,44.0985,155.6014,,553.4699,0.9901,False
2025-06-02,MSFT,57,Hold,Value + Improving Trend,Low,Medium,Medium,54,0,459.3018798828125,6.5112,9.8714,3.9274,,20.2351,-22.4301,False
2025-06-02,TSLA,53,Watchlist Only,Watchlist Only,Low,Weak,Medium,50,28,342.69000244140625,-12.2501,2.0164,15.3316,,45.563,-20.2749,False
2025-06-02,AVGO,51,Watchlist Only,Watchlist Only,Medium,Weak,Medium,56,28,246.7110137939453,6.6958,21.0071,40.0153,,74.0133,-3.0558,False
2025-06-02,NVDA,50,Watchlist Only,Watchlist Only,Low,Weak,Medium,41,28,137.34764099121094,11.596,32.1973,31.5058,,54.4742,0.4149,False
2025-06-02,META,49,Watchlist Only,Watchlist Only,Low,Weak,Medium,49,12,668.8134765625,7.2847,11.4853,-12.0582,,18.7752,-22.2115,False
2025-06-02,AMZN,46,Watchlist Only,Watchlist Only,Low,Weak,Medium,35,0,206.64999389648438,6.6828,10.8735,5.0762,,27.9942,-5.1536,False
2025-06-02,AAPL,33,Exit / Sell Candidate,Exit / Broken Thesis,Low,Weak,Medium,11,18,201.08807373046875,3.0342,14.4034,32.2809,,43.395,-3.2871,False
2025-07-01,META,60,Hold,Value + Improving Trend,Low,Medium,Medium,57,0,717.5347900390625,-3.3383,4.1984,-8.2684,,10.7102,-27.4934,False
2025-07-01,MSFT,60,Hold,Value + Improving Trend,Low,Medium,Medium,57,0,489.2080993652344,4.3065,3.2138,-0.8983,,12.8849,-27.1721,False
2025-07-01,NVDA,56,Hold,Value + Improving Trend,Medium,Medium,Medium,56,12,153.2745361328125,16.9406,15.9165,18.0758,,38.4227,-0.2153,False
2025-07-01,AVGO,56,Hold,Value + Improving Trend,Medium,Medium,Medium,52,28,263.2302551269531,14.3084,27.1723,28.7841,,63.093,-0.7592,False
2025-07-01,AMZN,50,Watchlist Only,Watchlist Only,Low,Weak,Medium,46,0,220.4600067138672,4.4135,-1.0478,3.1253,,19.9764,-11.095,False
2025-07-01,MU,44,Watchlist Only,Data Insufficient,Medium,Weak,Medium,49,44,120.60132598876953,-4.9979,29.8516,120.3135,,320.3851,-14.4037,False
2025-07-01,TSLA,43,Watchlist Only,Data Insufficient,Low,Weak,Medium,22,12,300.7099914550781,6.0956,40.7968,60.0213,,65.8841,-3.9706,False
2025-07-01,AMD,37,Watchlist Only,Data Insufficient,Low,Weak,Medium,48,28,136.11000061035156,31.886,18.4851,56.807,,159.3417,-1.9176,False
2025-07-01,AAPL,30,Watchlist Only,Data Insufficient,Low,Weak,Medium,32,6,207.18951416015625,0.5919,23.7424,31.9633,,39.1722,-3.0411,False
2025-08-01,META,60,Hold,Value + Improving Trend,Low,Medium,Medium,64,0,748.2527465820312,-1.508,0.1756,-12.0355,,6.1652,-30.47,True
2025-08-01,MSFT,60,Hold,Value + Improving Trend,Low,Medium,Medium,58,8,521.0829467773438,-3.1648,1.5806,-10.7841,,5.8233,-31.627,True
2025-08-01,AVGO,60,Hold,Value + Improving Trend,Low,Medium,Medium,55,16,286.9939880371094,3.0315,25.648,11.2846,,49.5885,-2.3455,False
2025-08-01,NVDA,60,Hold,Value + Improving Trend,Low,Medium,Medium,55,16,173.69113159179688,0.2648,10.2353,8.0423,,22.1517,-5.5549,False
2025-08-01,MU,57,Hold,Value + Improving Trend,Low,Medium,Medium,29,12,104.72804260253906,13.4725,109.9903,281.4472,,384.1015,0.553,False
2025-08-01,AMZN,46,Watchlist Only,Watchlist Only,Low,Weak,Medium,28,0,214.75,6.6356,5.6903,11.3667,,23.1665,-8.7311,False
2025-08-01,AMD,42,Watchlist Only,Data Insufficient,Medium,Weak,Medium,54,28,171.6999969482422,-5.2825,51.2347,51.2405,,105.5853,-13.0926,False
2025-08-01,TSLA,39,Watchlist Only,Data Insufficient,Low,Weak,Medium,15,0,302.6300048828125,10.3228,49.4961,48.3858,,64.8316,0.1223,False
2025-08-01,AAPL,30,Watchlist Only,Data Insufficient,Low,Weak,Medium,22,6,201.76602172851562,14.8352,32.9751,22.8196,,42.9132,-0.3459,False
2025-09-02,AVGO,60,Hold,Value + Improving Trend,Low,Medium,Medium,54,0,296.53924560546875,10.8085,29.3219,9.5331,,44.7734,-2.2187,False
2025-09-02,MU,60,Hold,Value + Improving Trend,Low,Medium,Medium,51,0,118.30833435058594,41.2222,89.6274,253.1742,,328.5328,-0.9959,False
2025-09-02,AMD,60,Hold,Value + Improving Trend,Low,Medium,Medium,45,0,162.32000732421875,-0.3265,26.9899,31.7398,,117.4655,-8.0705,False
2025-09-02,AMZN,57,Hold,Value + Improving Trend,Low,Medium,Medium,42,0,225.33999633789062,-2.5606,1.9215,-7.4465,,17.3782,-13.0203,True
2025-09-02,NVDA,57,Hold,Value + Improving Trend,Low,Medium,Medium,42,0,170.75161743164062,9.2578,4.1281,12.9357,,24.2546,-3.929,False
2025-09-02,META,57,Hold,Value + Improving Trend,Low,Medium,Medium,40,0,733.3875732421875,-0.0319,-13.394,-12.9037,,7.5757,-29.0607,True
2025-09-02,MSFT,57,Hold,Value + Improving Trend,Low,Medium,Medium,32,6,503.0282287597656,2.54,-5.3922,-22.6684,,9.6215,-29.173,True
2025-09-02,TSLA,46,Watchlist Only,Watchlist Only,Low,Weak,Medium,35,0,329.3599853515625,35.0255,27.3379,24.2956,,51.4543,-0.2581,False
2025-09-02,AAPL,41,Watchlist Only,Data Insufficient,Low,Weak,Medium,48,0,229.28298950195312,10.8436,20.6854,18.6918,,25.7617,-1.6411,False
2025-10-01,AVGO,60,Hold,Value + Improving Trend,Low,Medium,Medium,56,0,332.0567932128906,15.7743,5.8231,-3.9893,,29.2881,-12.6776,False
2025-10-01,NVDA,60,Hold,Value + Improving Trend,Low,Medium,Medium,55,0,187.21945190429688,10.5747,1.7628,-4.5612,,13.3251,-12.258,False
2025-10-01,AAPL,57,Hold,Value + Improving Trend,Low,Medium,Medium,54,0,254.9640350341797,5.5784,7.1306,-0.9194,,13.0945,-4.617,False
2025-10-01,MSFT,56,Hold,Watchlist Only,Low,Medium,Medium,36,6,517.557861328125,4.2023,-5.9816,-28.3095,,6.544,-31.1613,True
2025-10-01,MU,51,Watchlist Only,Watchlist Only,Medium,Weak,Medium,59,28,181.8860626220703,24.4974,56.4471,109.9829,,178.7404,-1.3327,False
2025-10-01,TSLA,51,Watchlist Only,Watchlist Only,Medium,Weak,Medium,47,28,459.4599914550781,0.4462,3.4236,-15.9992,,8.5688,-26.6008,False
2025-10-01,AMD,50,Watchlist Only,Watchlist Only,Low,Weak,Medium,33,0,164.00999450683594,61.167,31.0835,34.3028,,115.2247,-0.5305,False
2025-10-01,AMZN,50,Watchlist Only,Watchlist Only,Low,Weak,Medium,24,0,220.6300048828125,4.3829,5.3891,-4.043,,19.884,-11.1635,True
2025-10-01,META,50,Watchlist Only,Watchlist Only,Low,Weak,Medium,26,6,716.1422729492188,4.7857,-7.4594,-16.9313,,5.8299,-27.3524,True
2025-11-03,TSLA,60,Hold,Value + Improving Trend,Low,Medium,Medium,55,0,468.3699951171875,-8.3545,-8.1047,,,6.5034,-27.9971,False
2025-11-03,NVDA,60,Hold,Value + Improving Trend,Low,Medium,Medium,55,6,206.85728454589844,-12.2873,-7.608,,,1.9785,-20.5878,False
2025-11-03,AAPL,60,Hold,Value + Improving Trend,Low,Medium,Medium,56,16,268.53814697265625,6.4737,-3.4635,,,7.3777,-9.4384,False
2025-11-03,AVGO,60,Hold,Value + Improving Trend,Low,Medium,Medium,48,16,361.1001281738281,5.2462,-8.4447,,,18.8895,-19.7009,False
2025-11-03,MSFT,53,Watchlist Only,Watchlist Only,Low,Weak,Medium,26,22,514.888916015625,-5.0506,-16.6208,,,-0.2862,-30.8045,True
2025-11-03,AMZN,51,Watchlist Only,Turnaround Candidate,Medium,Weak,Medium,55,24,254.0,-7.7087,-5.7874,,,4.1339,-22.8346,True
2025-11-03,MU,51,Watchlist Only,Watchlist Only,Medium,Weak,Medium,58,28,234.50669860839844,2.0409,76.8418,,,116.1942,-17.9421,False
2025-11-03,AMD,51,Watchlist Only,Watchlist Only,Medium,Weak,Medium,54,44,259.6499938964844,-17.1038,-8.8273,,,35.9484,-27.5101,False
2025-11-03,META,43,Watchlist Only,Data Insufficient,Low,Weak,Medium,20,6,636.645263671875,1.4724,12.4468,,,16.7626,-18.281,True
2025-12-01,AAPL,60,Hold,Value + Improving Trend,Low,Medium,Medium,57,0,282.8353576660156,-3.5394,-6.5958,,,1.9498,-14.0163,False
2025-12-01,AVGO,60,Hold,Value + Improving Trend,Low,Medium,Medium,60,16,384.5360107421875,-9.2107,-17.0738,,,11.6436,-24.5948,True
2025-12-01,TSLA,57,Hold,Value + Improving Trend,Low,Medium,Medium,29,0,430.1400146484375,5.647,-6.4235,,,15.9692,-21.5976,True
2025-12-01,AMD,57,Hold,Value + Improving Trend,Low,Medium,Medium,33,10,219.75999450683594,-2.0113,-8.8961,,,60.6252,-14.352,False
2025-12-01,MU,56,Hold,Value + Improving Trend,Medium,Medium,Medium,53,12,240.26197814941406,21.7451,71.5614,,,111.0155,-7.8059,False
2025-12-01,AMZN,53,Watchlist Only,Watchlist Only,Low,Weak,Medium,42,0,233.8800048828125,-0.5772,-10.2104,,,13.0922,-16.1963,True
2025-12-01,NVDA,53,Watchlist Only,Watchlist Only,Low,Weak,Medium,24,6,179.90025329589844,4.241,-1.5119,,,17.2594,-8.6883,False
2025-12-01,MSFT,50,Watchlist Only,Watchlist Only,Low,Weak,Medium,20,6,485.6315612792969,0.152,-19.128,,,1.3888,-26.6357,True
2025-12-01,META,37,Watchlist Only,Data Insufficient,Low,Weak,Medium,9,28,639.7999267578125,3.9982,1.2231,,,16.1869,-18.684,True
2026-01-02,AMD,57,Hold,Value + Improving Trend,Low,Medium,Medium,45,0,223.47000122070312,10.2027,-8.9677,,,57.9586,-15.7739,True
2026-01-02,AAPL,57,Hold,Value + Improving Trend,Low,Medium,Medium,36,0,270.75665283203125,-0.369,-6.2664,,,3.653,-10.1804,True
2026-01-02,AVGO,57,Hold,Value + Improving Trend,Low,Medium,Medium,33,0,346.8923034667969,-4.7494,-10.7763,,,23.7589,-16.4121,False
2026-01-02,NVDA,56,Hold,Watchlist Only,Low,Medium,Medium,40,6,188.83978271484375,-1.7156,-7.6466,,,11.7085,-13.0109,False
2026-01-02,TSLA,53,Watchlist Only,Watchlist Only,Low,Weak,Medium,37,0,438.07000732421875,-3.7117,-15.1391,,,4.4468,-23.0169,True
2026-01-02,MU,51,Watchlist Only,Turnaround Candidate,Medium,Weak,Medium,61,28,315.2875671386719,38.7991,7.153,,,60.8024,-1.861,False
2026-01-02,AMZN,50,Watchlist Only,Watchlist Only,Low,Weak,Medium,24,10,226.5,7.2671,-8.0486,,,16.777,-13.4658,True
2026-01-02,MSFT,39,Watchlist Only,Data Insufficient,Low,Weak,Medium,20,6,471.8630065917969,-10.4812,-21.5514,,,3.5438,-24.495,True
2026-01-02,META,39,Watchlist Only,Data Insufficient,Low,Weak,Medium,20,18,649.8535766601562,8.61,-11.9602,,,14.3894,-19.942,True
2026-02-02,AMZN,60,Hold,Value + Improving Trend,Low,Medium,Medium,54,0,242.9600067138672,-14.0887,,,,8.8657,-19.3283,True
2026-02-02,AAPL,56,Hold,Watchlist Only,Low,Medium,Medium,44,0,269.7575988769531,-2.227,,,,4.0369,-8.9887,False
2026-02-02,AMD,56,Hold,Watchlist Only,Low,Medium,Medium,43,6,246.27000427246094,-22.4632,,,,43.3345,-23.5717,False
2026-02-02,TSLA,53,Watchlist Only,Watchlist Only,Low,Weak,Medium,22,0,421.80999755859375,-6.9652,,,,3.4471,-20.0493,True
2026-02-02,NVDA,53,Watchlist Only,Watchlist Only,Low,Weak,Medium,29,6,185.59996032714844,-2.9955,,,,13.6584,-11.4924,True
2026-02-02,AVGO,53,Watchlist Only,Watchlist Only,Low,Weak,Medium,24,6,330.4168701171875,-5.2158,,,,29.9298,-12.2442,True
2026-02-02,MU,51,Watchlist Only,Watchlist Only,Medium,Weak,Medium,58,28,437.61614990234375,-13.2755,,,,15.8527,-28.8212,False
2026-02-02,META,50,Watchlist Only,Watchlist Only,Low,Weak,Medium,41,16,705.8056640625,-7.2663,,,,1.4991,-26.2885,True
2026-02-02,MSFT,35,Exit / Sell Candidate,Exit / Broken Thesis,High,Weak,Medium,13,38,422.4058837890625,-4.374,,,,2.6738,-15.6546,True
2026-03-02,MU,60,Hold,Value + Improving Trend,Low,Medium,Medium,43,0,412.4967346191406,-21.9873,,,,22.9076,-24.4867,False
2026-03-02,NVDA,54,Watchlist Only,Watchlist Only,Low,Weak,Medium,28,16,182.47012329101562,-9.4811,,,,15.608,-9.9743,True
2026-03-02,TSLA,53,Watchlist Only,Watchlist Only,Low,Weak,Medium,22,0,403.32000732421875,-11.9111,,,,3.2381,-16.384,True
2026-03-02,AAPL,53,Watchlist Only,Watchlist Only,Low,Weak,Medium,33,6,264.7200012207031,-6.8336,,,,4.1742,-7.2567,False
2026-03-02,AVGO,50,Watchlist Only,Watchlist Only,Low,Weak,Medium,17,6,318.1526184082031,-7.777,,,,34.9384,-8.8614,False
2026-03-02,AMD,49,Exit / Sell Candidate,Exit / Broken Thesis,High,Weak,Medium,17,26,198.6199951171875,-1.299,,,,77.7213,-5.2361,False
2026-03-02,MSFT,33,Exit / Sell Candidate,Exit / Broken Thesis,Low,Weak,Medium,13,6,398.54998779296875,-9.9335,,,,8.8195,-10.6059,True
2026-03-02,AMZN,32,Watchlist Only,Data Insufficient,Low,Weak,Medium,13,0,208.38999938964844,-3.5702,,,,26.9255,-4.4388,False
2026-03-02,META,32,Exit / Sell Candidate,Exit / Broken Thesis,Low,Weak,Medium,22,6,653.0009155273438,-17.8592,,,,5.8988,-20.3278,True
2026-04-01,AMD,57,Hold,Value + Improving Trend,Low,Medium,Medium,48,0,210.2100067138672,,,,,67.9225,-4.5621,False
2026-04-01,MU,57,Hold,Value + Improving Trend,Low,Medium,Medium,43,0,367.8500061035156,,,,,37.8252,-7.5166,False
2026-04-01,AAPL,53,Watchlist Only,Watchlist Only,Low,Weak,Medium,35,0,255.6300048828125,,,,,7.8786,-3.8845,False
2026-04-01,NVDA,39,Watchlist Only,Data Insufficient,Low,Weak,Medium,24,0,175.75,,,,,20.0284,-2.4922,False
2026-04-01,TSLA,39,Watchlist Only,Data Insufficient,Low,Weak,Medium,24,0,381.260009765625,,,,,7.3493,-11.5459,True
2026-04-01,AMZN,35,Exit / Sell Candidate,Exit / Broken Thesis,Low,Weak,Medium,22,12,210.57000732421875,,,,,25.6114,-2.6927,False
2026-04-01,AVGO,35,Exit / Sell Candidate,Exit / Broken Thesis,Low,Weak,Medium,20,18,313.489990234375,,,,,36.9454,-3.7449,False
2026-04-01,META,33,Exit / Sell Candidate,Exit / Broken Thesis,Low,Weak,Medium,16,18,579.22998046875,,,,,19.3861,-3.3717,False
2026-04-01,MSFT,26,Exit / Sell Candidate,Exit / Broken Thesis,Low,Weak,Medium,13,16,369.3699951171875,,,,,17.4161,-1.4132,False
